evidence_id,user_id,competency_id,assessment_id,assessment_type,evidence_type,score,estimated_level,confidence,date,coverage,item_count,rubric_version,reviewed,state_update_applied,payload_hash,source_id,provenance,source_type,created_at,updated_at
EVD-SEED-001-001,USR-001,COMP-SAMPLING,ASS-SEED-001,MANAGER_REVIEW,MANAGER_VALIDATED,,2,0.82,2026-09-01T09:00:00Z,1.0,,seed-manager-demo-v1,1,1,,SRC-MOCK,MOCK_BEHAVIOUR,MOCK_BEHAVIOUR,2026-09-06T14:52:00Z,2026-09-06T14:52:00Z
EVD-SEED-001-002,USR-001,COMP-002,ASS-SEED-001,MANAGER_REVIEW,MANAGER_VALIDATED,,2,0.82,2026-09-01T09:00:00Z,1.0,,seed-manager-demo-v1,1,1,,SRC-MOCK,MOCK_BEHAVIOUR,MOCK_BEHAVIOUR,2026-09-06T14:52:00Z,2026-09-06T14:52:00Z
EVD-SEED-001-003,USR-001,COMP-003,ASS-SEED-001,MANAGER_REVIEW,MANAGER_VALIDATED,,3,0.82,2026-09-01T09:00:00Z,1.0,,seed-manager-demo-v1,1,1,,SRC-MOCK,MOCK_BEHAVIOUR,MOCK_BEHAVIOUR,2026-09-06T14:52:00Z,2026-09-06T14:52:00Z
EVD-SEED-001-004,USR-001,COMP-004,ASS-SEED-001,MANAGER_REVIEW,MANAGER_VALIDATED,,3,0.82,2026-09-01T09:00:00Z,1.0,,seed-manager-demo-v1,1,1,,SRC-MOCK,MOCK_BEHAVIOUR,MOCK_BEHAVIOUR,2026-09-06T14:52:00Z,2026-09-06T14:52:00Z
EVD-SEED-001-005,USR-001,COMP-005,ASS-SEED-001,MANAGER_REVIEW,MANAGER_VALIDATED,,3,0.82,2026-09-01T09:00:00Z,1.0,,seed-manager-demo-v1,1,1,,SRC-MOCK,MOCK_BEHAVIOUR,MOCK_BEHAVIOUR,2026-09-06T14:52:00Z,2026-09-06T14:52:00Z
EVD-SEED-001-006,USR-001,COMP-006,ASS-SEED-001,MANAGER_REVIEW,MANAGER_VALIDATED,,3,0.82,2026-09-01T09:00:00Z,1.0,,seed-manager-demo-v1,1,1,,SRC-MOCK,MOCK_BEHAVIOUR,MOCK_BEHAVIOUR,2026-09-06T14:52:00Z,2026-09-06T14:52:00Z
EVD-SEED-001-007,USR-001,COMP-007,ASS-SEED-001,MANAGER_REVIEW,MANAGER_VALIDATED,,3,0.82,2026-09-01T09:00:00Z,1.0,,seed-manager-demo-v1,1,1,,SRC-MOCK,MOCK_BEHAVIOUR,MOCK_BEHAVIOUR,2026-09-06T14:52:00Z,2026-09-06T14:52:00Z
EVD-SEED-001-016,USR-001,COMP-016,ASS-SEED-001,MANAGER_REVIEW,MANAGER_VALIDATED,,2,0.82,2026-09-01T09:00:00Z,1.0,,seed-manager-demo-v1,1,1,,SRC-MOCK,MOCK_BEHAVIOUR,MOCK_BEHAVIOUR,2026-09-06T14:52:00Z,2026-09-06T14:52:00Z
EVD-SEED-001-017,USR-001,COMP-017,ASS-SEED-001,MANAGER_REVIEW,MANAGER_VALIDATED,,3,0.82,2026-09-01T09:00:00Z,1.0,,seed-manager-demo-v1,1,1,,SRC-MOCK,MOCK_BEHAVIOUR,MOCK_BEHAVIOUR,2026-09-06T14:52:00Z,2026-09-06T14:52:00Z
EVD-SEED-002-008,USR-002,COMP-008,ASS-SEED-002,MANAGER_REVIEW,MANAGER_VALIDATED,,3,0.82,2026-09-01T09:00:00Z,1.0,,seed-manager-demo-v1,1,1,,SRC-MOCK,MOCK_BEHAVIOUR,MOCK_BEHAVIOUR,2026-09-06T14:52:00Z,2026-09-06T14:52:00Z
EVD-SEED-002-009,USR-002,COMP-009,ASS-SEED-002,MANAGER_REVIEW,MANAGER_VALIDATED,,3,0.82,2026-09-01T09:00:00Z,1.0,,seed-manager-demo-v1,1,1,,SRC-MOCK,MOCK_BEHAVIOUR,MOCK_BEHAVIOUR,2026-09-06T14:52:00Z,2026-09-06T14:52:00Z
EVD-SEED-002-003,USR-002,COMP-003,ASS-SEED-002,MANAGER_REVIEW,MANAGER_VALIDATED,,3,0.82,2026-09-01T09:00:00Z,1.0,,seed-manager-demo-v1,1,1,,SRC-MOCK,MOCK_BEHAVIOUR,MOCK_BEHAVIOUR,2026-09-06T14:52:00Z,2026-09-06T14:52:00Z
EVD-SEED-003-010,USR-003,COMP-010,ASS-SEED-003,MANAGER_REVIEW,MANAGER_VALIDATED,,2,0.82,2026-09-01T09:00:00Z,1.0,,seed-manager-demo-v1,1,1,,SRC-MOCK,MOCK_BEHAVIOUR,MOCK_BEHAVIOUR,2026-09-06T14:52:00Z,2026-09-06T14:52:00Z
EVD-SEED-003-009,USR-003,COMP-009,ASS-SEED-003,MANAGER_REVIEW,MANAGER_VALIDATED,,3,0.82,2026-09-01T09:00:00Z,1.0,,seed-manager-demo-v1,1,1,,SRC-MOCK,MOCK_BEHAVIOUR,MOCK_BEHAVIOUR,2026-09-06T14:52:00Z,2026-09-06T14:52:00Z
EVD-SEED-003-003,USR-003,COMP-003,ASS-SEED-003,MANAGER_REVIEW,MANAGER_VALIDATED,,3,0.82,2026-09-01T09:00:00Z,1.0,,seed-manager-demo-v1,1,1,,SRC-MOCK,MOCK_BEHAVIOUR,MOCK_BEHAVIOUR,2026-09-06T14:52:00Z,2026-09-06T14:52:00Z
EVD-SEED-003-011,USR-003,COMP-011,ASS-SEED-003,MANAGER_REVIEW,MANAGER_VALIDATED,,3,0.82,2026-09-01T09:00:00Z,1.0,,seed-manager-demo-v1,1,1,,SRC-MOCK,MOCK_BEHAVIOUR,MOCK_BEHAVIOUR,2026-09-06T14:52:00Z,2026-09-06T14:52:00Z
EVD-SEED-004-012,USR-004,COMP-012,ASS-SEED-004,MANAGER_REVIEW,MANAGER_VALIDATED,,4,0.9,2026-09-01T09:00:00Z,1.0,,seed-manager-demo-v1,1,1,,SRC-MOCK,MOCK_BEHAVIOUR,MOCK_BEHAVIOUR,2026-09-06T14:52:00Z,2026-09-06T14:52:00Z
EVD-SEED-004-009,USR-004,COMP-009,ASS-SEED-004,MANAGER_REVIEW,MANAGER_VALIDATED,,4,0.9,2026-09-01T09:00:00Z,1.0,,seed-manager-demo-v1,1,1,,SRC-MOCK,MOCK_BEHAVIOUR,MOCK_BEHAVIOUR,2026-09-06T14:52:00Z,2026-09-06T14:52:00Z
EVD-SEED-004-003,USR-004,COMP-003,ASS-SEED-004,MANAGER_REVIEW,MANAGER_VALIDATED,,3,0.9,2026-09-01T09:00:00Z,1.0,,seed-manager-demo-v1,1,1,,SRC-MOCK,MOCK_BEHAVIOUR,MOCK_BEHAVIOUR,2026-09-06T14:52:00Z,2026-09-06T14:52:00Z
EVD-SEED-004-016,USR-004,COMP-016,ASS-SEED-004,MANAGER_REVIEW,MANAGER_VALIDATED,,3,0.9,2026-09-01T09:00:00Z,1.0,,seed-manager-demo-v1,1,1,,SRC-MOCK,MOCK_BEHAVIOUR,MOCK_BEHAVIOUR,2026-09-06T14:52:00Z,2026-09-06T14:52:00Z
EVD-SEED-004-017,USR-004,COMP-017,ASS-SEED-004,MANAGER_REVIEW,MANAGER_VALIDATED,,3,0.9,2026-09-01T09:00:00Z,1.0,,seed-manager-demo-v1,1,1,,SRC-MOCK,MOCK_BEHAVIOUR,MOCK_BEHAVIOUR,2026-09-06T14:52:00Z,2026-09-06T14:52:00Z
EVD-SEED-004-018,USR-004,COMP-018,ASS-SEED-004,MANAGER_REVIEW,MANAGER_VALIDATED,,3,0.9,2026-09-01T09:00:00Z,1.0,,seed-manager-demo-v1,1,1,,SRC-MOCK,MOCK_BEHAVIOUR,MOCK_BEHAVIOUR,2026-09-06T14:52:00Z,2026-09-06T14:52:00Z
EVD-SEED-004-014,USR-004,COMP-014,ASS-SEED-004,MANAGER_REVIEW,MANAGER_VALIDATED,,3,0.9,2026-09-01T09:00:00Z,1.0,,seed-manager-demo-v1,1,1,,SRC-MOCK,MOCK_BEHAVIOUR,MOCK_BEHAVIOUR,2026-09-06T14:52:00Z,2026-09-06T14:52:00Z
EVD-SEED-005-011,USR-005,COMP-011,ASS-SEED-005,MANAGER_REVIEW,MANAGER_VALIDATED,,3,0.9,2026-09-01T09:00:00Z,1.0,,seed-manager-demo-v1,1,1,,SRC-MOCK,MOCK_BEHAVIOUR,MOCK_BEHAVIOUR,2026-09-06T14:52:00Z,2026-09-06T14:52:00Z
EVD-SEED-005-013,USR-005,COMP-013,ASS-SEED-005,MANAGER_REVIEW,MANAGER_VALIDATED,,2,0.9,2026-09-01T09:00:00Z,1.0,,seed-manager-demo-v1,1,1,,SRC-MOCK,MOCK_BEHAVIOUR,MOCK_BEHAVIOUR,2026-09-06T14:52:00Z,2026-09-06T14:52:00Z
EVD-SEED-005-014,USR-005,COMP-014,ASS-SEED-005,MANAGER_REVIEW,MANAGER_VALIDATED,,3,0.9,2026-09-01T09:00:00Z,1.0,,seed-manager-demo-v1,1,1,,SRC-MOCK,MOCK_BEHAVIOUR,MOCK_BEHAVIOUR,2026-09-06T14:52:00Z,2026-09-06T14:52:00Z
EVD-SEED-005-015,USR-005,COMP-015,ASS-SEED-005,MANAGER_REVIEW,MANAGER_VALIDATED,,3,0.9,2026-09-01T09:00:00Z,1.0,,seed-manager-demo-v1,1,1,,SRC-MOCK,MOCK_BEHAVIOUR,MOCK_BEHAVIOUR,2026-09-06T14:52:00Z,2026-09-06T14:52:00Z
EVD-SEED-005-005,USR-005,COMP-005,ASS-SEED-005,MANAGER_REVIEW,MANAGER_VALIDATED,,3,0.9,2026-09-01T09:00:00Z,1.0,,seed-manager-demo-v1,1,1,,SRC-MOCK,MOCK_BEHAVIOUR,MOCK_BEHAVIOUR,2026-09-06T14:52:00Z,2026-09-06T14:52:00Z
EVD-SEED-005-016,USR-005,COMP-016,ASS-SEED-005,MANAGER_REVIEW,MANAGER_VALIDATED,,3,0.9,2026-09-01T09:00:00Z,1.0,,seed-manager-demo-v1,1,1,,SRC-MOCK,MOCK_BEHAVIOUR,MOCK_BEHAVIOUR,2026-09-06T14:52:00Z,2026-09-06T14:52:00Z
EVD-SEED-005-017,USR-005,COMP-017,ASS-SEED-005,MANAGER_REVIEW,MANAGER_VALIDATED,,3,0.9,2026-09-01T09:00:00Z,1.0,,seed-manager-demo-v1,1,1,,SRC-MOCK,MOCK_BEHAVIOUR,MOCK_BEHAVIOUR,2026-09-06T14:52:00Z,2026-09-06T14:52:00Z
EVD-SEED-005-018,USR-005,COMP-018,ASS-SEED-005,MANAGER_REVIEW,MANAGER_VALIDATED,,3,0.9,2026-09-01T09:00:00Z,1.0,,seed-manager-demo-v1,1,1,,SRC-MOCK,MOCK_BEHAVIOUR,MOCK_BEHAVIOUR,2026-09-06T14:52:00Z,2026-09-06T14:52:00Z
EVD-SEED-005-009,USR-005,COMP-009,ASS-SEED-005,MANAGER_REVIEW,MANAGER_VALIDATED,,4,0.9,2026-09-01T09:00:00Z,1.0,,seed-manager-demo-v1,1,1,,SRC-MOCK,MOCK_BEHAVIOUR,MOCK_BEHAVIOUR,2026-09-06T14:52:00Z,2026-09-06T14:52:00Z
EVD-SEED-005-003,USR-005,COMP-003,ASS-SEED-005,MANAGER_REVIEW,MANAGER_VALIDATED,,4,0.9,2026-09-01T09:00:00Z,1.0,,seed-manager-demo-v1,1,1,,SRC-MOCK,MOCK_BEHAVIOUR,MOCK_BEHAVIOUR,2026-09-06T14:52:00Z,2026-09-06T14:52:00Z
EVD-SEED-006-001,USR-006,COMP-SAMPLING,ASS-SEED-006,MANAGER_REVIEW,MANAGER_VALIDATED,,3,0.82,2026-09-01T09:00:00Z,1.0,,seed-manager-demo-v1,1,1,,SRC-MOCK,MOCK_BEHAVIOUR,MOCK_BEHAVIOUR,2026-09-06T14:52:00Z,2026-09-06T14:52:00Z
EVD-SEED-006-009,USR-006,COMP-009,ASS-SEED-006,MANAGER_REVIEW,MANAGER_VALIDATED,,4,0.82,2026-09-01T09:00:00Z,1.0,,seed-manager-demo-v1,1,1,,SRC-MOCK,MOCK_BEHAVIOUR,MOCK_BEHAVIOUR,2026-09-06T14:52:00Z,2026-09-06T14:52:00Z
EVD-SEED-007-001,USR-007,COMP-SAMPLING,ASS-SEED-007,MANAGER_REVIEW,MANAGER_VALIDATED,,4,0.9,2026-09-01T09:00:00Z,1.0,,seed-manager-demo-v1,1,1,,SRC-MOCK,MOCK_BEHAVIOUR,MOCK_BEHAVIOUR,2026-09-06T14:52:00Z,2026-09-06T14:52:00Z
EVD-SEED-007-002,USR-007,COMP-002,ASS-SEED-007,MANAGER_REVIEW,MANAGER_VALIDATED,,3,0.9,2026-09-01T09:00:00Z,1.0,,seed-manager-demo-v1,1,1,,SRC-MOCK,MOCK_BEHAVIOUR,MOCK_BEHAVIOUR,2026-09-06T14:52:00Z,2026-09-06T14:52:00Z
EVD-SEED-007-003,USR-007,COMP-003,ASS-SEED-007,MANAGER_REVIEW,MANAGER_VALIDATED,,3,0.9,2026-09-01T09:00:00Z,1.0,,seed-manager-demo-v1,1,1,,SRC-MOCK,MOCK_BEHAVIOUR,MOCK_BEHAVIOUR,2026-09-06T14:52:00Z,2026-09-06T14:52:00Z
EVD-SEED-007-004,USR-007,COMP-004,ASS-SEED-007,MANAGER_REVIEW,MANAGER_VALIDATED,,3,0.9,2026-09-01T09:00:00Z,1.0,,seed-manager-demo-v1,1,1,,SRC-MOCK,MOCK_BEHAVIOUR,MOCK_BEHAVIOUR,2026-09-06T14:52:00Z,2026-09-06T14:52:00Z
EVD-SEED-007-005,USR-007,COMP-005,ASS-SEED-007,MANAGER_REVIEW,MANAGER_VALIDATED,,4,0.9,2026-09-01T09:00:00Z,1.0,,seed-manager-demo-v1,1,1,,SRC-MOCK,MOCK_BEHAVIOUR,MOCK_BEHAVIOUR,2026-09-06T14:52:00Z,2026-09-06T14:52:00Z
EVD-SEED-007-006,USR-007,COMP-006,ASS-SEED-007,MANAGER_REVIEW,MANAGER_VALIDATED,,3,0.9,2026-09-01T09:00:00Z,1.0,,seed-manager-demo-v1,1,1,,SRC-MOCK,MOCK_BEHAVIOUR,MOCK_BEHAVIOUR,2026-09-06T14:52:00Z,2026-09-06T14:52:00Z
EVD-SEED-007-007,USR-007,COMP-007,ASS-SEED-007,MANAGER_REVIEW,MANAGER_VALIDATED,,3,0.9,2026-09-01T09:00:00Z,1.0,,seed-manager-demo-v1,1,1,,SRC-MOCK,MOCK_BEHAVIOUR,MOCK_BEHAVIOUR,2026-09-06T14:52:00Z,2026-09-06T14:52:00Z
EVD-SEED-007-016,USR-007,COMP-016,ASS-SEED-007,MANAGER_REVIEW,MANAGER_VALIDATED,,3,0.9,2026-09-01T09:00:00Z,1.0,,seed-manager-demo-v1,1,1,,SRC-MOCK,MOCK_BEHAVIOUR,MOCK_BEHAVIOUR,2026-09-06T14:52:00Z,2026-09-06T14:52:00Z
EVD-SEED-007-017,USR-007,COMP-017,ASS-SEED-007,MANAGER_REVIEW,MANAGER_VALIDATED,,3,0.9,2026-09-01T09:00:00Z,1.0,,seed-manager-demo-v1,1,1,,SRC-MOCK,MOCK_BEHAVIOUR,MOCK_BEHAVIOUR,2026-09-06T14:52:00Z,2026-09-06T14:52:00Z
EVD-SEED-007-018,USR-007,COMP-018,ASS-SEED-007,MANAGER_REVIEW,MANAGER_VALIDATED,,2,0.9,2026-09-01T09:00:00Z,1.0,,seed-manager-demo-v1,1,1,,SRC-MOCK,MOCK_BEHAVIOUR,MOCK_BEHAVIOUR,2026-09-06T14:52:00Z,2026-09-06T14:52:00Z
EVD-SEED-007-009,USR-007,COMP-009,ASS-SEED-007,MANAGER_REVIEW,MANAGER_VALIDATED,,3,0.9,2026-09-01T09:00:00Z,1.0,,seed-manager-demo-v1,1,1,,SRC-MOCK,MOCK_BEHAVIOUR,MOCK_BEHAVIOUR,2026-09-06T14:52:00Z,2026-09-06T14:52:00Z
EVD-SEED-007-014,USR-007,COMP-014,ASS-SEED-007,MANAGER_REVIEW,MANAGER_VALIDATED,,2,0.9,2026-09-01T09:00:00Z,1.0,,seed-manager-demo-v1,1,1,,SRC-MOCK,MOCK_BEHAVIOUR,MOCK_BEHAVIOUR,2026-09-06T14:52:00Z,2026-09-06T14:52:00Z
EVD-SEED-008-011,USR-008,COMP-011,ASS-SEED-008,MANAGER_REVIEW,MANAGER_VALIDATED,,4,0.9,2026-09-01T09:00:00Z,1.0,,seed-manager-demo-v1,1,1,,SRC-MOCK,MOCK_BEHAVIOUR,MOCK_BEHAVIOUR,2026-09-06T14:52:00Z,2026-09-06T14:52:00Z
EVD-SEED-008-013,USR-008,COMP-013,ASS-SEED-008,MANAGER_REVIEW,MANAGER_VALIDATED,,4,0.9,2026-09-01T09:00:00Z,1.0,,seed-manager-demo-v1,1,1,,SRC-MOCK,MOCK_BEHAVIOUR,MOCK_BEHAVIOUR,2026-09-06T14:52:00Z,2026-09-06T14:52:00Z
EVD-SEED-008-014,USR-008,COMP-014,ASS-SEED-008,MANAGER_REVIEW,MANAGER_VALIDATED,,4,0.9,2026-09-01T09:00:00Z,1.0,,seed-manager-demo-v1,1,1,,SRC-MOCK,MOCK_BEHAVIOUR,MOCK_BEHAVIOUR,2026-09-06T14:52:00Z,2026-09-06T14:52:00Z
EVD-SEED-008-015,USR-008,COMP-015,ASS-SEED-008,MANAGER_REVIEW,MANAGER_VALIDATED,,4,0.9,2026-09-01T09:00:00Z,1.0,,seed-manager-demo-v1,1,1,,SRC-MOCK,MOCK_BEHAVIOUR,MOCK_BEHAVIOUR,2026-09-06T14:52:00Z,2026-09-06T14:52:00Z
EVD-SEED-008-005,USR-008,COMP-005,ASS-SEED-008,MANAGER_REVIEW,MANAGER_VALIDATED,,4,0.9,2026-09-01T09:00:00Z,1.0,,seed-manager-demo-v1,1,1,,SRC-MOCK,MOCK_BEHAVIOUR,MOCK_BEHAVIOUR,2026-09-06T14:52:00Z,2026-09-06T14:52:00Z
EVD-SEED-008-016,USR-008,COMP-016,ASS-SEED-008,MANAGER_REVIEW,MANAGER_VALIDATED,,4,0.9,2026-09-01T09:00:00Z,1.0,,seed-manager-demo-v1,1,1,,SRC-MOCK,MOCK_BEHAVIOUR,MOCK_BEHAVIOUR,2026-09-06T14:52:00Z,2026-09-06T14:52:00Z
EVD-SEED-008-017,USR-008,COMP-017,ASS-SEED-008,MANAGER_REVIEW,MANAGER_VALIDATED,,3,0.9,2026-09-01T09:00:00Z,1.0,,seed-manager-demo-v1,1,1,,SRC-MOCK,MOCK_BEHAVIOUR,MOCK_BEHAVIOUR,2026-09-06T14:52:00Z,2026-09-06T14:52:00Z
EVD-SEED-008-018,USR-008,COMP-018,ASS-SEED-008,MANAGER_REVIEW,MANAGER_VALIDATED,,4,0.9,2026-09-01T09:00:00Z,1.0,,seed-manager-demo-v1,1,1,,SRC-MOCK,MOCK_BEHAVIOUR,MOCK_BEHAVIOUR,2026-09-06T14:52:00Z,2026-09-06T14:52:00Z
EVD-SEED-008-009,USR-008,COMP-009,ASS-SEED-008,MANAGER_REVIEW,MANAGER_VALIDATED,,4,0.9,2026-09-01T09:00:00Z,1.0,,seed-manager-demo-v1,1,1,,SRC-MOCK,MOCK_BEHAVIOUR,MOCK_BEHAVIOUR,2026-09-06T14:52:00Z,2026-09-06T14:52:00Z
EVD-SEED-008-003,USR-008,COMP-003,ASS-SEED-008,MANAGER_REVIEW,MANAGER_VALIDATED,,4,0.9,2026-09-01T09:00:00Z,1.0,,seed-manager-demo-v1,1,1,,SRC-MOCK,MOCK_BEHAVIOUR,MOCK_BEHAVIOUR,2026-09-06T14:52:00Z,2026-09-06T14:52:00Z
EVD-SEED-009-001,USR-009,COMP-SAMPLING,ASS-SEED-009,MANAGER_REVIEW,MANAGER_VALIDATED,,3,0.82,2026-09-01T09:00:00Z,1.0,,seed-manager-demo-v1,1,1,,SRC-MOCK,MOCK_BEHAVIOUR,MOCK_BEHAVIOUR,2026-09-06T14:52:00Z,2026-09-06T14:52:00Z
EVD-SEED-009-002,USR-009,COMP-002,ASS-SEED-009,MANAGER_REVIEW,MANAGER_VALIDATED,,3,0.82,2026-09-01T09:00:00Z,1.0,,seed-manager-demo-v1,1,1,,SRC-MOCK,MOCK_BEHAVIOUR,MOCK_BEHAVIOUR,2026-09-06T14:52:00Z,2026-09-06T14:52:00Z
EVD-SEED-009-003,USR-009,COMP-003,ASS-SEED-009,MANAGER_REVIEW,MANAGER_VALIDATED,,3,0.82,2026-09-01T09:00:00Z,1.0,,seed-manager-demo-v1,1,1,,SRC-MOCK,MOCK_BEHAVIOUR,MOCK_BEHAVIOUR,2026-09-06T14:52:00Z,2026-09-06T14:52:00Z
EVD-SEED-009-004,USR-009,COMP-004,ASS-SEED-009,MANAGER_REVIEW,MANAGER_VALIDATED,,4,0.82,2026-09-01T09:00:00Z,1.0,,seed-manager-demo-v1,1,1,,SRC-MOCK,MOCK_BEHAVIOUR,MOCK_BEHAVIOUR,2026-09-06T14:52:00Z,2026-09-06T14:52:00Z
EVD-SEED-009-005,USR-009,COMP-005,ASS-SEED-009,MANAGER_REVIEW,MANAGER_VALIDATED,,4,0.82,2026-09-01T09:00:00Z,1.0,,seed-manager-demo-v1,1,1,,SRC-MOCK,MOCK_BEHAVIOUR,MOCK_BEHAVIOUR,2026-09-06T14:52:00Z,2026-09-06T14:52:00Z
EVD-SEED-009-016,USR-009,COMP-016,ASS-SEED-009,MANAGER_REVIEW,MANAGER_VALIDATED,,3,0.82,2026-09-01T09:00:00Z,1.0,,seed-manager-demo-v1,1,1,,SRC-MOCK,MOCK_BEHAVIOUR,MOCK_BEHAVIOUR,2026-09-06T14:52:00Z,2026-09-06T14:52:00Z
EVD-SEED-009-017,USR-009,COMP-017,ASS-SEED-009,MANAGER_REVIEW,MANAGER_VALIDATED,,3,0.82,2026-09-01T09:00:00Z,1.0,,seed-manager-demo-v1,1,1,,SRC-MOCK,MOCK_BEHAVIOUR,MOCK_BEHAVIOUR,2026-09-06T14:52:00Z,2026-09-06T14:52:00Z
EVD-SEED-010-011,USR-010,COMP-011,ASS-SEED-010,MANAGER_REVIEW,MANAGER_VALIDATED,,4,0.9,2026-09-01T09:00:00Z,1.0,,seed-manager-demo-v1,1,1,,SRC-MOCK,MOCK_BEHAVIOUR,MOCK_BEHAVIOUR,2026-09-06T14:52:00Z,2026-09-06T14:52:00Z
EVD-SEED-010-013,USR-010,COMP-013,ASS-SEED-010,MANAGER_REVIEW,MANAGER_VALIDATED,,4,0.9,2026-09-01T09:00:00Z,1.0,,seed-manager-demo-v1,1,1,,SRC-MOCK,MOCK_BEHAVIOUR,MOCK_BEHAVIOUR,2026-09-06T14:52:00Z,2026-09-06T14:52:00Z
EVD-SEED-010-014,USR-010,COMP-014,ASS-SEED-010,MANAGER_REVIEW,MANAGER_VALIDATED,,4,0.9,2026-09-01T09:00:00Z,1.0,,seed-manager-demo-v1,1,1,,SRC-MOCK,MOCK_BEHAVIOUR,MOCK_BEHAVIOUR,2026-09-06T14:52:00Z,2026-09-06T14:52:00Z
EVD-SEED-010-015,USR-010,COMP-015,ASS-SEED-010,MANAGER_REVIEW,MANAGER_VALIDATED,,5,0.9,2026-09-01T09:00:00Z,1.0,,seed-manager-demo-v1,1,1,,SRC-MOCK,MOCK_BEHAVIOUR,MOCK_BEHAVIOUR,2026-09-06T14:52:00Z,2026-09-06T14:52:00Z
EVD-SEED-010-005,USR-010,COMP-005,ASS-SEED-010,MANAGER_REVIEW,MANAGER_VALIDATED,,4,0.9,2026-09-01T09:00:00Z,1.0,,seed-manager-demo-v1,1,1,,SRC-MOCK,MOCK_BEHAVIOUR,MOCK_BEHAVIOUR,2026-09-06T14:52:00Z,2026-09-06T14:52:00Z
EVD-SEED-010-016,USR-010,COMP-016,ASS-SEED-010,MANAGER_REVIEW,MANAGER_VALIDATED,,4,0.9,2026-09-01T09:00:00Z,1.0,,seed-manager-demo-v1,1,1,,SRC-MOCK,MOCK_BEHAVIOUR,MOCK_BEHAVIOUR,2026-09-06T14:52:00Z,2026-09-06T14:52:00Z
EVD-SEED-010-017,USR-010,COMP-017,ASS-SEED-010,MANAGER_REVIEW,MANAGER_VALIDATED,,4,0.9,2026-09-01T09:00:00Z,1.0,,seed-manager-demo-v1,1,1,,SRC-MOCK,MOCK_BEHAVIOUR,MOCK_BEHAVIOUR,2026-09-06T14:52:00Z,2026-09-06T14:52:00Z
EVD-SEED-010-018,USR-010,COMP-018,ASS-SEED-010,MANAGER_REVIEW,MANAGER_VALIDATED,,4,0.9,2026-09-01T09:00:00Z,1.0,,seed-manager-demo-v1,1,1,,SRC-MOCK,MOCK_BEHAVIOUR,MOCK_BEHAVIOUR,2026-09-06T14:52:00Z,2026-09-06T14:52:00Z
EVD-SEED-010-009,USR-010,COMP-009,ASS-SEED-010,MANAGER_REVIEW,MANAGER_VALIDATED,,4,0.9,2026-09-01T09:00:00Z,1.0,,seed-manager-demo-v1,1,1,,SRC-MOCK,MOCK_BEHAVIOUR,MOCK_BEHAVIOUR,2026-09-06T14:52:00Z,2026-09-06T14:52:00Z
EVD-SEED-010-003,USR-010,COMP-003,ASS-SEED-010,MANAGER_REVIEW,MANAGER_VALIDATED,,4,0.9,2026-09-01T09:00:00Z,1.0,,seed-manager-demo-v1,1,1,,SRC-MOCK,MOCK_BEHAVIOUR,MOCK_BEHAVIOUR,2026-09-06T14:52:00Z,2026-09-06T14:52:00Z
EVD-SEED-011-001,USR-011,COMP-003,ASS-SEED-011,MANAGER_REVIEW,MANAGER_VALIDATED,,3,0.86,2026-09-01T09:00:00Z,1.0,,seed-manager-demo-v3,1,1,,SRC-MOCK,MOCK_BEHAVIOUR,MOCK_BEHAVIOUR,2026-09-07T06:15:00Z,2026-09-07T06:15:00Z
EVD-SEED-011-002,USR-011,COMP-005,ASS-SEED-011,MANAGER_REVIEW,MANAGER_VALIDATED,,3,0.86,2026-09-01T09:00:00Z,1.0,,seed-manager-demo-v3,1,1,,SRC-MOCK,MOCK_BEHAVIOUR,MOCK_BEHAVIOUR,2026-09-07T06:15:00Z,2026-09-07T06:15:00Z
EVD-SEED-011-003,USR-011,COMP-009,ASS-SEED-011,MANAGER_REVIEW,MANAGER_VALIDATED,,3,0.86,2026-09-01T09:00:00Z,1.0,,seed-manager-demo-v3,1,1,,SRC-MOCK,MOCK_BEHAVIOUR,MOCK_BEHAVIOUR,2026-09-07T06:15:00Z,2026-09-07T06:15:00Z
EVD-SEED-011-004,USR-011,COMP-014,ASS-SEED-011,MANAGER_REVIEW,MANAGER_VALIDATED,,3,0.86,2026-09-01T09:00:00Z,1.0,,seed-manager-demo-v3,1,1,,SRC-MOCK,MOCK_BEHAVIOUR,MOCK_BEHAVIOUR,2026-09-07T06:15:00Z,2026-09-07T06:15:00Z
EVD-SEED-011-005,USR-011,COMP-016,ASS-SEED-011,MANAGER_REVIEW,MANAGER_VALIDATED,,3,0.86,2026-09-01T09:00:00Z,1.0,,seed-manager-demo-v3,1,1,,SRC-MOCK,MOCK_BEHAVIOUR,MOCK_BEHAVIOUR,2026-09-07T06:15:00Z,2026-09-07T06:15:00Z
EVD-SEED-011-006,USR-011,COMP-017,ASS-SEED-011,MANAGER_REVIEW,MANAGER_VALIDATED,,3,0.86,2026-09-01T09:00:00Z,1.0,,seed-manager-demo-v3,1,1,,SRC-MOCK,MOCK_BEHAVIOUR,MOCK_BEHAVIOUR,2026-09-07T06:15:00Z,2026-09-07T06:15:00Z
EVD-SEED-011-007,USR-011,COMP-018,ASS-SEED-011,MANAGER_REVIEW,MANAGER_VALIDATED,,3,0.86,2026-09-01T09:00:00Z,1.0,,seed-manager-demo-v3,1,1,,SRC-MOCK,MOCK_BEHAVIOUR,MOCK_BEHAVIOUR,2026-09-07T06:15:00Z,2026-09-07T06:15:00Z
EVD-SEED-011-008,USR-011,COMP-019,ASS-SEED-011,MANAGER_REVIEW,MANAGER_VALIDATED,,2,0.86,2026-09-01T09:00:00Z,1.0,,seed-manager-demo-v3,1,1,,SRC-MOCK,MOCK_BEHAVIOUR,MOCK_BEHAVIOUR,2026-09-07T06:15:00Z,2026-09-07T06:15:00Z
EVD-SEED-011-009,USR-011,COMP-022,ASS-SEED-011,MANAGER_REVIEW,MANAGER_VALIDATED,,3,0.86,2026-09-01T09:00:00Z,1.0,,seed-manager-demo-v3,1,1,,SRC-MOCK,MOCK_BEHAVIOUR,MOCK_BEHAVIOUR,2026-09-07T06:15:00Z,2026-09-07T06:15:00Z
EVD-SEED-011-010,USR-011,COMP-023,ASS-SEED-011,MANAGER_REVIEW,MANAGER_VALIDATED,,2,0.86,2026-09-01T09:00:00Z,1.0,,seed-manager-demo-v3,1,1,,SRC-MOCK,MOCK_BEHAVIOUR,MOCK_BEHAVIOUR,2026-09-07T06:15:00Z,2026-09-07T06:15:00Z
EVD-SEED-011-011,USR-011,COMP-024,ASS-SEED-011,MANAGER_REVIEW,MANAGER_VALIDATED,,3,0.86,2026-09-01T09:00:00Z,1.0,,seed-manager-demo-v3,1,1,,SRC-MOCK,MOCK_BEHAVIOUR,MOCK_BEHAVIOUR,2026-09-07T06:15:00Z,2026-09-07T06:15:00Z
EVD-SEED-012-001,USR-012,COMP-003,ASS-SEED-012,MANAGER_REVIEW,MANAGER_VALIDATED,,3,0.8,2026-09-01T09:00:00Z,1.0,,seed-manager-demo-v3,1,1,,SRC-MOCK,MOCK_BEHAVIOUR,MOCK_BEHAVIOUR,2026-09-07T06:15:00Z,2026-09-07T06:15:00Z
EVD-SEED-012-002,USR-012,COMP-004,ASS-SEED-012,MANAGER_REVIEW,MANAGER_VALIDATED,,2,0.8,2026-09-01T09:00:00Z,1.0,,seed-manager-demo-v3,1,1,,SRC-MOCK,MOCK_BEHAVIOUR,MOCK_BEHAVIOUR,2026-09-07T06:15:00Z,2026-09-07T06:15:00Z
EVD-SEED-012-003,USR-012,COMP-005,ASS-SEED-012,MANAGER_REVIEW,MANAGER_VALIDATED,,3,0.8,2026-09-01T09:00:00Z,1.0,,seed-manager-demo-v3,1,1,,SRC-MOCK,MOCK_BEHAVIOUR,MOCK_BEHAVIOUR,2026-09-07T06:15:00Z,2026-09-07T06:15:00Z
EVD-SEED-012-004,USR-012,COMP-009,ASS-SEED-012,MANAGER_REVIEW,MANAGER_VALIDATED,,3,0.8,2026-09-01T09:00:00Z,1.0,,seed-manager-demo-v3,1,1,,SRC-MOCK,MOCK_BEHAVIOUR,MOCK_BEHAVIOUR,2026-09-07T06:15:00Z,2026-09-07T06:15:00Z
EVD-SEED-012-005,USR-012,COMP-014,ASS-SEED-012,MANAGER_REVIEW,MANAGER_VALIDATED,,3,0.8,2026-09-01T09:00:00Z,1.0,,seed-manager-demo-v3,1,1,,SRC-MOCK,MOCK_BEHAVIOUR,MOCK_BEHAVIOUR,2026-09-07T06:15:00Z,2026-09-07T06:15:00Z
EVD-SEED-012-006,USR-012,COMP-016,ASS-SEED-012,MANAGER_REVIEW,MANAGER_VALIDATED,,3,0.8,2026-09-01T09:00:00Z,1.0,,seed-manager-demo-v3,1,1,,SRC-MOCK,MOCK_BEHAVIOUR,MOCK_BEHAVIOUR,2026-09-07T06:15:00Z,2026-09-07T06:15:00Z
EVD-SEED-012-007,USR-012,COMP-017,ASS-SEED-012,MANAGER_REVIEW,MANAGER_VALIDATED,,3,0.8,2026-09-01T09:00:00Z,1.0,,seed-manager-demo-v3,1,1,,SRC-MOCK,MOCK_BEHAVIOUR,MOCK_BEHAVIOUR,2026-09-07T06:15:00Z,2026-09-07T06:15:00Z
EVD-SEED-012-008,USR-012,COMP-018,ASS-SEED-012,MANAGER_REVIEW,MANAGER_VALIDATED,,3,0.8,2026-09-01T09:00:00Z,1.0,,seed-manager-demo-v3,1,1,,SRC-MOCK,MOCK_BEHAVIOUR,MOCK_BEHAVIOUR,2026-09-07T06:15:00Z,2026-09-07T06:15:00Z
EVD-SEED-012-009,USR-012,COMP-020,ASS-SEED-012,MANAGER_REVIEW,MANAGER_VALIDATED,,2,0.8,2026-09-01T09:00:00Z,1.0,,seed-manager-demo-v3,1,1,,SRC-MOCK,MOCK_BEHAVIOUR,MOCK_BEHAVIOUR,2026-09-07T06:15:00Z,2026-09-07T06:15:00Z
EVD-SEED-012-010,USR-012,COMP-022,ASS-SEED-012,MANAGER_REVIEW,MANAGER_VALIDATED,,3,0.8,2026-09-01T09:00:00Z,1.0,,seed-manager-demo-v3,1,1,,SRC-MOCK,MOCK_BEHAVIOUR,MOCK_BEHAVIOUR,2026-09-07T06:15:00Z,2026-09-07T06:15:00Z
EVD-SEED-012-011,USR-012,COMP-023,ASS-SEED-012,MANAGER_REVIEW,MANAGER_VALIDATED,,2,0.8,2026-09-01T09:00:00Z,1.0,,seed-manager-demo-v3,1,1,,SRC-MOCK,MOCK_BEHAVIOUR,MOCK_BEHAVIOUR,2026-09-07T06:15:00Z,2026-09-07T06:15:00Z
EVD-SEED-012-012,USR-012,COMP-028,ASS-SEED-012,MANAGER_REVIEW,MANAGER_VALIDATED,,2,0.8,2026-09-01T09:00:00Z,1.0,,seed-manager-demo-v3,1,1,,SRC-MOCK,MOCK_BEHAVIOUR,MOCK_BEHAVIOUR,2026-09-07T06:15:00Z,2026-09-07T06:15:00Z
EVD-SEED-012-013,USR-012,COMP-SAMPLING,ASS-SEED-012,MANAGER_REVIEW,MANAGER_VALIDATED,,3,0.8,2026-09-01T09:00:00Z,1.0,,seed-manager-demo-v3,1,1,,SRC-MOCK,MOCK_BEHAVIOUR,MOCK_BEHAVIOUR,2026-09-07T06:15:00Z,2026-09-07T06:15:00Z
EVD-SEED-013-001,USR-013,COMP-003,ASS-SEED-013,MANAGER_REVIEW,MANAGER_VALIDATED,,3,0.82,2026-09-01T09:00:00Z,1.0,,seed-manager-demo-v3,1,1,,SRC-MOCK,MOCK_BEHAVIOUR,MOCK_BEHAVIOUR,2026-09-07T06:15:00Z,2026-09-07T06:15:00Z
EVD-SEED-013-002,USR-013,COMP-009,ASS-SEED-013,MANAGER_REVIEW,MANAGER_VALIDATED,,3,0.82,2026-09-01T09:00:00Z,1.0,,seed-manager-demo-v3,1,1,,SRC-MOCK,MOCK_BEHAVIOUR,MOCK_BEHAVIOUR,2026-09-07T06:15:00Z,2026-09-07T06:15:00Z
EVD-SEED-013-003,USR-013,COMP-013,ASS-SEED-013,MANAGER_REVIEW,MANAGER_VALIDATED,,2,0.82,2026-09-01T09:00:00Z,1.0,,seed-manager-demo-v3,1,1,,SRC-MOCK,MOCK_BEHAVIOUR,MOCK_BEHAVIOUR,2026-09-07T06:15:00Z,2026-09-07T06:15:00Z
EVD-SEED-013-004,USR-013,COMP-014,ASS-SEED-013,MANAGER_REVIEW,MANAGER_VALIDATED,,3,0.82,2026-09-01T09:00:00Z,1.0,,seed-manager-demo-v3,1,1,,SRC-MOCK,MOCK_BEHAVIOUR,MOCK_BEHAVIOUR,2026-09-07T06:15:00Z,2026-09-07T06:15:00Z
EVD-SEED-013-005,USR-013,COMP-015,ASS-SEED-013,MANAGER_REVIEW,MANAGER_VALIDATED,,3,0.82,2026-09-01T09:00:00Z,1.0,,seed-manager-demo-v3,1,1,,SRC-MOCK,MOCK_BEHAVIOUR,MOCK_BEHAVIOUR,2026-09-07T06:15:00Z,2026-09-07T06:15:00Z
EVD-SEED-013-006,USR-013,COMP-016,ASS-SEED-013,MANAGER_REVIEW,MANAGER_VALIDATED,,3,0.82,2026-09-01T09:00:00Z,1.0,,seed-manager-demo-v3,1,1,,SRC-MOCK,MOCK_BEHAVIOUR,MOCK_BEHAVIOUR,2026-09-07T06:15:00Z,2026-09-07T06:15:00Z
EVD-SEED-013-007,USR-013,COMP-017,ASS-SEED-013,MANAGER_REVIEW,MANAGER_VALIDATED,,3,0.82,2026-09-01T09:00:00Z,1.0,,seed-manager-demo-v3,1,1,,SRC-MOCK,MOCK_BEHAVIOUR,MOCK_BEHAVIOUR,2026-09-07T06:15:00Z,2026-09-07T06:15:00Z
EVD-SEED-013-008,USR-013,COMP-018,ASS-SEED-013,MANAGER_REVIEW,MANAGER_VALIDATED,,3,0.82,2026-09-01T09:00:00Z,1.0,,seed-manager-demo-v3,1,1,,SRC-MOCK,MOCK_BEHAVIOUR,MOCK_BEHAVIOUR,2026-09-07T06:15:00Z,2026-09-07T06:15:00Z
EVD-SEED-013-009,USR-013,COMP-021,ASS-SEED-013,MANAGER_REVIEW,MANAGER_VALIDATED,,2,0.82,2026-09-01T09:00:00Z,1.0,,seed-manager-demo-v3,1,1,,SRC-MOCK,MOCK_BEHAVIOUR,MOCK_BEHAVIOUR,2026-09-07T06:15:00Z,2026-09-07T06:15:00Z
EVD-SEED-013-010,USR-013,COMP-022,ASS-SEED-013,MANAGER_REVIEW,MANAGER_VALIDATED,,3,0.82,2026-09-01T09:00:00Z,1.0,,seed-manager-demo-v3,1,1,,SRC-MOCK,MOCK_BEHAVIOUR,MOCK_BEHAVIOUR,2026-09-07T06:15:00Z,2026-09-07T06:15:00Z
EVD-SEED-013-011,USR-013,COMP-024,ASS-SEED-013,MANAGER_REVIEW,MANAGER_VALIDATED,,2,0.82,2026-09-01T09:00:00Z,1.0,,seed-manager-demo-v3,1,1,,SRC-MOCK,MOCK_BEHAVIOUR,MOCK_BEHAVIOUR,2026-09-07T06:15:00Z,2026-09-07T06:15:00Z
EVD-SEED-013-012,USR-013,COMP-028,ASS-SEED-013,MANAGER_REVIEW,MANAGER_VALIDATED,,2,0.82,2026-09-01T09:00:00Z,1.0,,seed-manager-demo-v3,1,1,,SRC-MOCK,MOCK_BEHAVIOUR,MOCK_BEHAVIOUR,2026-09-07T06:15:00Z,2026-09-07T06:15:00Z
EVD-SEED-014-001,USR-014,COMP-003,ASS-SEED-014,MANAGER_REVIEW,MANAGER_VALIDATED,,3,0.84,2026-09-01T09:00:00Z,1.0,,seed-manager-demo-v3,1,1,,SRC-MOCK,MOCK_BEHAVIOUR,MOCK_BEHAVIOUR,2026-09-07T06:15:00Z,2026-09-07T06:15:00Z
EVD-SEED-014-002,USR-014,COMP-009,ASS-SEED-014,MANAGER_REVIEW,MANAGER_VALIDATED,,3,0.84,2026-09-01T09:00:00Z,1.0,,seed-manager-demo-v3,1,1,,SRC-MOCK,MOCK_BEHAVIOUR,MOCK_BEHAVIOUR,2026-09-07T06:15:00Z,2026-09-07T06:15:00Z
EVD-SEED-014-003,USR-014,COMP-013,ASS-SEED-014,MANAGER_REVIEW,MANAGER_VALIDATED,,3,0.84,2026-09-01T09:00:00Z,1.0,,seed-manager-demo-v3,1,1,,SRC-MOCK,MOCK_BEHAVIOUR,MOCK_BEHAVIOUR,2026-09-07T06:15:00Z,2026-09-07T06:15:00Z
EVD-SEED-014-004,USR-014,COMP-014,ASS-SEED-014,MANAGER_REVIEW,MANAGER_VALIDATED,,3,0.84,2026-09-01T09:00:00Z,1.0,,seed-manager-demo-v3,1,1,,SRC-MOCK,MOCK_BEHAVIOUR,MOCK_BEHAVIOUR,2026-09-07T06:15:00Z,2026-09-07T06:15:00Z
EVD-SEED-014-005,USR-014,COMP-015,ASS-SEED-014,MANAGER_REVIEW,MANAGER_VALIDATED,,3,0.84,2026-09-01T09:00:00Z,1.0,,seed-manager-demo-v3,1,1,,SRC-MOCK,MOCK_BEHAVIOUR,MOCK_BEHAVIOUR,2026-09-07T06:15:00Z,2026-09-07T06:15:00Z
EVD-SEED-014-006,USR-014,COMP-016,ASS-SEED-014,MANAGER_REVIEW,MANAGER_VALIDATED,,3,0.84,2026-09-01T09:00:00Z,1.0,,seed-manager-demo-v3,1,1,,SRC-MOCK,MOCK_BEHAVIOUR,MOCK_BEHAVIOUR,2026-09-07T06:15:00Z,2026-09-07T06:15:00Z
EVD-SEED-014-007,USR-014,COMP-017,ASS-SEED-014,MANAGER_REVIEW,MANAGER_VALIDATED,,3,0.84,2026-09-01T09:00:00Z,1.0,,seed-manager-demo-v3,1,1,,SRC-MOCK,MOCK_BEHAVIOUR,MOCK_BEHAVIOUR,2026-09-07T06:15:00Z,2026-09-07T06:15:00Z
EVD-SEED-014-008,USR-014,COMP-018,ASS-SEED-014,MANAGER_REVIEW,MANAGER_VALIDATED,,3,0.84,2026-09-01T09:00:00Z,1.0,,seed-manager-demo-v3,1,1,,SRC-MOCK,MOCK_BEHAVIOUR,MOCK_BEHAVIOUR,2026-09-07T06:15:00Z,2026-09-07T06:15:00Z
EVD-SEED-014-009,USR-014,COMP-021,ASS-SEED-014,MANAGER_REVIEW,MANAGER_VALIDATED,,4,0.84,2026-09-01T09:00:00Z,1.0,,seed-manager-demo-v3,1,1,,SRC-MOCK,MOCK_BEHAVIOUR,MOCK_BEHAVIOUR,2026-09-07T06:15:00Z,2026-09-07T06:15:00Z
EVD-SEED-014-010,USR-014,COMP-022,ASS-SEED-014,MANAGER_REVIEW,MANAGER_VALIDATED,,2,0.84,2026-09-01T09:00:00Z,1.0,,seed-manager-demo-v3,1,1,,SRC-MOCK,MOCK_BEHAVIOUR,MOCK_BEHAVIOUR,2026-09-07T06:15:00Z,2026-09-07T06:15:00Z
EVD-SEED-014-011,USR-014,COMP-024,ASS-SEED-014,MANAGER_REVIEW,MANAGER_VALIDATED,,3,0.84,2026-09-01T09:00:00Z,1.0,,seed-manager-demo-v3,1,1,,SRC-MOCK,MOCK_BEHAVIOUR,MOCK_BEHAVIOUR,2026-09-07T06:15:00Z,2026-09-07T06:15:00Z
EVD-SEED-014-012,USR-014,COMP-028,ASS-SEED-014,MANAGER_REVIEW,MANAGER_VALIDATED,,3,0.84,2026-09-01T09:00:00Z,1.0,,seed-manager-demo-v3,1,1,,SRC-MOCK,MOCK_BEHAVIOUR,MOCK_BEHAVIOUR,2026-09-07T06:15:00Z,2026-09-07T06:15:00Z
EVD-SEED-015-001,USR-015,COMP-003,ASS-SEED-015,MANAGER_REVIEW,MANAGER_VALIDATED,,3,0.86,2026-09-01T09:00:00Z,1.0,,seed-manager-demo-v3,1,1,,SRC-MOCK,MOCK_BEHAVIOUR,MOCK_BEHAVIOUR,2026-09-07T06:15:00Z,2026-09-07T06:15:00Z
EVD-SEED-015-002,USR-015,COMP-005,ASS-SEED-015,MANAGER_REVIEW,MANAGER_VALIDATED,,3,0.86,2026-09-01T09:00:00Z,1.0,,seed-manager-demo-v3,1,1,,SRC-MOCK,MOCK_BEHAVIOUR,MOCK_BEHAVIOUR,2026-09-07T06:15:00Z,2026-09-07T06:15:00Z
EVD-SEED-015-003,USR-015,COMP-009,ASS-SEED-015,MANAGER_REVIEW,MANAGER_VALIDATED,,3,0.86,2026-09-01T09:00:00Z,1.0,,seed-manager-demo-v3,1,1,,SRC-MOCK,MOCK_BEHAVIOUR,MOCK_BEHAVIOUR,2026-09-07T06:15:00Z,2026-09-07T06:15:00Z
EVD-SEED-015-004,USR-015,COMP-011,ASS-SEED-015,MANAGER_REVIEW,MANAGER_VALIDATED,,3,0.86,2026-09-01T09:00:00Z,1.0,,seed-manager-demo-v3,1,1,,SRC-MOCK,MOCK_BEHAVIOUR,MOCK_BEHAVIOUR,2026-09-07T06:15:00Z,2026-09-07T06:15:00Z
EVD-SEED-015-005,USR-015,COMP-014,ASS-SEED-015,MANAGER_REVIEW,MANAGER_VALIDATED,,3,0.86,2026-09-01T09:00:00Z,1.0,,seed-manager-demo-v3,1,1,,SRC-MOCK,MOCK_BEHAVIOUR,MOCK_BEHAVIOUR,2026-09-07T06:15:00Z,2026-09-07T06:15:00Z
EVD-SEED-015-006,USR-015,COMP-016,ASS-SEED-015,MANAGER_REVIEW,MANAGER_VALIDATED,,3,0.86,2026-09-01T09:00:00Z,1.0,,seed-manager-demo-v3,1,1,,SRC-MOCK,MOCK_BEHAVIOUR,MOCK_BEHAVIOUR,2026-09-07T06:15:00Z,2026-09-07T06:15:00Z
EVD-SEED-015-007,USR-015,COMP-017,ASS-SEED-015,MANAGER_REVIEW,MANAGER_VALIDATED,,3,0.86,2026-09-01T09:00:00Z,1.0,,seed-manager-demo-v3,1,1,,SRC-MOCK,MOCK_BEHAVIOUR,MOCK_BEHAVIOUR,2026-09-07T06:15:00Z,2026-09-07T06:15:00Z
EVD-SEED-015-008,USR-015,COMP-018,ASS-SEED-015,MANAGER_REVIEW,MANAGER_VALIDATED,,3,0.86,2026-09-01T09:00:00Z,1.0,,seed-manager-demo-v3,1,1,,SRC-MOCK,MOCK_BEHAVIOUR,MOCK_BEHAVIOUR,2026-09-07T06:15:00Z,2026-09-07T06:15:00Z
EVD-SEED-015-009,USR-015,COMP-025,ASS-SEED-015,MANAGER_REVIEW,MANAGER_VALIDATED,,2,0.86,2026-09-01T09:00:00Z,1.0,,seed-manager-demo-v3,1,1,,SRC-MOCK,MOCK_BEHAVIOUR,MOCK_BEHAVIOUR,2026-09-07T06:15:00Z,2026-09-07T06:15:00Z
EVD-SEED-015-010,USR-015,COMP-026,ASS-SEED-015,MANAGER_REVIEW,MANAGER_VALIDATED,,3,0.86,2026-09-01T09:00:00Z,1.0,,seed-manager-demo-v3,1,1,,SRC-MOCK,MOCK_BEHAVIOUR,MOCK_BEHAVIOUR,2026-09-07T06:15:00Z,2026-09-07T06:15:00Z
EVD-SEED-015-011,USR-015,COMP-027,ASS-SEED-015,MANAGER_REVIEW,MANAGER_VALIDATED,,3,0.86,2026-09-01T09:00:00Z,1.0,,seed-manager-demo-v3,1,1,,SRC-MOCK,MOCK_BEHAVIOUR,MOCK_BEHAVIOUR,2026-09-07T06:15:00Z,2026-09-07T06:15:00Z
EVD-SEED-015-012,USR-015,COMP-028,ASS-SEED-015,MANAGER_REVIEW,MANAGER_VALIDATED,,2,0.86,2026-09-01T09:00:00Z,1.0,,seed-manager-demo-v3,1,1,,SRC-MOCK,MOCK_BEHAVIOUR,MOCK_BEHAVIOUR,2026-09-07T06:15:00Z,2026-09-07T06:15:00Z
EVD-SEED-015-013,USR-015,COMP-029,ASS-SEED-015,MANAGER_REVIEW,MANAGER_VALIDATED,,1,0.86,2026-09-01T09:00:00Z,1.0,,seed-manager-demo-v3,1,1,,SRC-MOCK,MOCK_BEHAVIOUR,MOCK_BEHAVIOUR,2026-09-07T06:15:00Z,2026-09-07T06:15:00Z
EVD-SEED-016-001,USR-016,COMP-003,ASS-SEED-016,MANAGER_REVIEW,MANAGER_VALIDATED,,3,0.8,2026-09-01T09:00:00Z,1.0,,seed-manager-demo-v3,1,1,,SRC-MOCK,MOCK_BEHAVIOUR,MOCK_BEHAVIOUR,2026-09-07T06:15:00Z,2026-09-07T06:15:00Z
EVD-SEED-016-002,USR-016,COMP-005,ASS-SEED-016,MANAGER_REVIEW,MANAGER_VALIDATED,,3,0.8,2026-09-01T09:00:00Z,1.0,,seed-manager-demo-v3,1,1,,SRC-MOCK,MOCK_BEHAVIOUR,MOCK_BEHAVIOUR,2026-09-07T06:15:00Z,2026-09-07T06:15:00Z
EVD-SEED-016-003,USR-016,COMP-009,ASS-SEED-016,MANAGER_REVIEW,MANAGER_VALIDATED,,3,0.8,2026-09-01T09:00:00Z,1.0,,seed-manager-demo-v3,1,1,,SRC-MOCK,MOCK_BEHAVIOUR,MOCK_BEHAVIOUR,2026-09-07T06:15:00Z,2026-09-07T06:15:00Z
EVD-SEED-016-004,USR-016,COMP-011,ASS-SEED-016,MANAGER_REVIEW,MANAGER_VALIDATED,,3,0.8,2026-09-01T09:00:00Z,1.0,,seed-manager-demo-v3,1,1,,SRC-MOCK,MOCK_BEHAVIOUR,MOCK_BEHAVIOUR,2026-09-07T06:15:00Z,2026-09-07T06:15:00Z
EVD-SEED-016-005,USR-016,COMP-014,ASS-SEED-016,MANAGER_REVIEW,MANAGER_VALIDATED,,3,0.8,2026-09-01T09:00:00Z,1.0,,seed-manager-demo-v3,1,1,,SRC-MOCK,MOCK_BEHAVIOUR,MOCK_BEHAVIOUR,2026-09-07T06:15:00Z,2026-09-07T06:15:00Z
EVD-SEED-016-006,USR-016,COMP-016,ASS-SEED-016,MANAGER_REVIEW,MANAGER_VALIDATED,,3,0.8,2026-09-01T09:00:00Z,1.0,,seed-manager-demo-v3,1,1,,SRC-MOCK,MOCK_BEHAVIOUR,MOCK_BEHAVIOUR,2026-09-07T06:15:00Z,2026-09-07T06:15:00Z
EVD-SEED-016-007,USR-016,COMP-017,ASS-SEED-016,MANAGER_REVIEW,MANAGER_VALIDATED,,3,0.8,2026-09-01T09:00:00Z,1.0,,seed-manager-demo-v3,1,1,,SRC-MOCK,MOCK_BEHAVIOUR,MOCK_BEHAVIOUR,2026-09-07T06:15:00Z,2026-09-07T06:15:00Z
EVD-SEED-016-008,USR-016,COMP-018,ASS-SEED-016,MANAGER_REVIEW,MANAGER_VALIDATED,,3,0.8,2026-09-01T09:00:00Z,1.0,,seed-manager-demo-v3,1,1,,SRC-MOCK,MOCK_BEHAVIOUR,MOCK_BEHAVIOUR,2026-09-07T06:15:00Z,2026-09-07T06:15:00Z
EVD-SEED-016-009,USR-016,COMP-025,ASS-SEED-016,MANAGER_REVIEW,MANAGER_VALIDATED,,3,0.8,2026-09-01T09:00:00Z,1.0,,seed-manager-demo-v3,1,1,,SRC-MOCK,MOCK_BEHAVIOUR,MOCK_BEHAVIOUR,2026-09-07T06:15:00Z,2026-09-07T06:15:00Z
EVD-SEED-016-010,USR-016,COMP-026,ASS-SEED-016,MANAGER_REVIEW,MANAGER_VALIDATED,,2,0.8,2026-09-01T09:00:00Z,1.0,,seed-manager-demo-v3,1,1,,SRC-MOCK,MOCK_BEHAVIOUR,MOCK_BEHAVIOUR,2026-09-07T06:15:00Z,2026-09-07T06:15:00Z
EVD-SEED-016-011,USR-016,COMP-027,ASS-SEED-016,MANAGER_REVIEW,MANAGER_VALIDATED,,4,0.8,2026-09-01T09:00:00Z,1.0,,seed-manager-demo-v3,1,1,,SRC-MOCK,MOCK_BEHAVIOUR,MOCK_BEHAVIOUR,2026-09-07T06:15:00Z,2026-09-07T06:15:00Z
EVD-SEED-016-012,USR-016,COMP-028,ASS-SEED-016,MANAGER_REVIEW,MANAGER_VALIDATED,,3,0.8,2026-09-01T09:00:00Z,1.0,,seed-manager-demo-v3,1,1,,SRC-MOCK,MOCK_BEHAVIOUR,MOCK_BEHAVIOUR,2026-09-07T06:15:00Z,2026-09-07T06:15:00Z
EVD-SEED-016-013,USR-016,COMP-029,ASS-SEED-016,MANAGER_REVIEW,MANAGER_VALIDATED,,2,0.8,2026-09-01T09:00:00Z,1.0,,seed-manager-demo-v3,1,1,,SRC-MOCK,MOCK_BEHAVIOUR,MOCK_BEHAVIOUR,2026-09-07T06:15:00Z,2026-09-07T06:15:00Z
EVD-SEED-017-001,USR-017,COMP-003,ASS-SEED-017,MANAGER_REVIEW,MANAGER_VALIDATED,,3,0.82,2026-09-01T09:00:00Z,1.0,,seed-manager-demo-v3,1,1,,SRC-MOCK,MOCK_BEHAVIOUR,MOCK_BEHAVIOUR,2026-09-07T06:15:00Z,2026-09-07T06:15:00Z
EVD-SEED-017-002,USR-017,COMP-005,ASS-SEED-017,MANAGER_REVIEW,MANAGER_VALIDATED,,3,0.82,2026-09-01T09:00:00Z,1.0,,seed-manager-demo-v3,1,1,,SRC-MOCK,MOCK_BEHAVIOUR,MOCK_BEHAVIOUR,2026-09-07T06:15:00Z,2026-09-07T06:15:00Z
EVD-SEED-017-003,USR-017,COMP-009,ASS-SEED-017,MANAGER_REVIEW,MANAGER_VALIDATED,,3,0.82,2026-09-01T09:00:00Z,1.0,,seed-manager-demo-v3,1,1,,SRC-MOCK,MOCK_BEHAVIOUR,MOCK_BEHAVIOUR,2026-09-07T06:15:00Z,2026-09-07T06:15:00Z
EVD-SEED-017-004,USR-017,COMP-011,ASS-SEED-017,MANAGER_REVIEW,MANAGER_VALIDATED,,3,0.82,2026-09-01T09:00:00Z,1.0,,seed-manager-demo-v3,1,1,,SRC-MOCK,MOCK_BEHAVIOUR,MOCK_BEHAVIOUR,2026-09-07T06:15:00Z,2026-09-07T06:15:00Z
EVD-SEED-017-005,USR-017,COMP-014,ASS-SEED-017,MANAGER_REVIEW,MANAGER_VALIDATED,,3,0.82,2026-09-01T09:00:00Z,1.0,,seed-manager-demo-v3,1,1,,SRC-MOCK,MOCK_BEHAVIOUR,MOCK_BEHAVIOUR,2026-09-07T06:15:00Z,2026-09-07T06:15:00Z
EVD-SEED-017-006,USR-017,COMP-016,ASS-SEED-017,MANAGER_REVIEW,MANAGER_VALIDATED,,3,0.82,2026-09-01T09:00:00Z,1.0,,seed-manager-demo-v3,1,1,,SRC-MOCK,MOCK_BEHAVIOUR,MOCK_BEHAVIOUR,2026-09-07T06:15:00Z,2026-09-07T06:15:00Z
EVD-SEED-017-007,USR-017,COMP-017,ASS-SEED-017,MANAGER_REVIEW,MANAGER_VALIDATED,,3,0.82,2026-09-01T09:00:00Z,1.0,,seed-manager-demo-v3,1,1,,SRC-MOCK,MOCK_BEHAVIOUR,MOCK_BEHAVIOUR,2026-09-07T06:15:00Z,2026-09-07T06:15:00Z
EVD-SEED-017-008,USR-017,COMP-018,ASS-SEED-017,MANAGER_REVIEW,MANAGER_VALIDATED,,3,0.82,2026-09-01T09:00:00Z,1.0,,seed-manager-demo-v3,1,1,,SRC-MOCK,MOCK_BEHAVIOUR,MOCK_BEHAVIOUR,2026-09-07T06:15:00Z,2026-09-07T06:15:00Z
EVD-SEED-017-009,USR-017,COMP-025,ASS-SEED-017,MANAGER_REVIEW,MANAGER_VALIDATED,,3,0.82,2026-09-01T09:00:00Z,1.0,,seed-manager-demo-v3,1,1,,SRC-MOCK,MOCK_BEHAVIOUR,MOCK_BEHAVIOUR,2026-09-07T06:15:00Z,2026-09-07T06:15:00Z
EVD-SEED-017-010,USR-017,COMP-026,ASS-SEED-017,MANAGER_REVIEW,MANAGER_VALIDATED,,3,0.82,2026-09-01T09:00:00Z,1.0,,seed-manager-demo-v3,1,1,,SRC-MOCK,MOCK_BEHAVIOUR,MOCK_BEHAVIOUR,2026-09-07T06:15:00Z,2026-09-07T06:15:00Z
EVD-SEED-017-011,USR-017,COMP-027,ASS-SEED-017,MANAGER_REVIEW,MANAGER_VALIDATED,,2,0.82,2026-09-01T09:00:00Z,1.0,,seed-manager-demo-v3,1,1,,SRC-MOCK,MOCK_BEHAVIOUR,MOCK_BEHAVIOUR,2026-09-07T06:15:00Z,2026-09-07T06:15:00Z
EVD-SEED-017-012,USR-017,COMP-028,ASS-SEED-017,MANAGER_REVIEW,MANAGER_VALIDATED,,2,0.82,2026-09-01T09:00:00Z,1.0,,seed-manager-demo-v3,1,1,,SRC-MOCK,MOCK_BEHAVIOUR,MOCK_BEHAVIOUR,2026-09-07T06:15:00Z,2026-09-07T06:15:00Z
EVD-SEED-017-013,USR-017,COMP-029,ASS-SEED-017,MANAGER_REVIEW,MANAGER_VALIDATED,,3,0.82,2026-09-01T09:00:00Z,1.0,,seed-manager-demo-v3,1,1,,SRC-MOCK,MOCK_BEHAVIOUR,MOCK_BEHAVIOUR,2026-09-07T06:15:00Z,2026-09-07T06:15:00Z
EVD-SEED-018-001,USR-018,COMP-003,ASS-SEED-018,MANAGER_REVIEW,MANAGER_VALIDATED,,3,0.84,2026-09-01T09:00:00Z,1.0,,seed-manager-demo-v3,1,1,,SRC-MOCK,MOCK_BEHAVIOUR,MOCK_BEHAVIOUR,2026-09-07T06:15:00Z,2026-09-07T06:15:00Z
EVD-SEED-018-002,USR-018,COMP-004,ASS-SEED-018,MANAGER_REVIEW,MANAGER_VALIDATED,,3,0.84,2026-09-01T09:00:00Z,1.0,,seed-manager-demo-v3,1,1,,SRC-MOCK,MOCK_BEHAVIOUR,MOCK_BEHAVIOUR,2026-09-07T06:15:00Z,2026-09-07T06:15:00Z
EVD-SEED-018-003,USR-018,COMP-006,ASS-SEED-018,MANAGER_REVIEW,MANAGER_VALIDATED,,2,0.84,2026-09-01T09:00:00Z,1.0,,seed-manager-demo-v3,1,1,,SRC-MOCK,MOCK_BEHAVIOUR,MOCK_BEHAVIOUR,2026-09-07T06:15:00Z,2026-09-07T06:15:00Z
EVD-SEED-018-004,USR-018,COMP-009,ASS-SEED-018,MANAGER_REVIEW,MANAGER_VALIDATED,,3,0.84,2026-09-01T09:00:00Z,1.0,,seed-manager-demo-v3,1,1,,SRC-MOCK,MOCK_BEHAVIOUR,MOCK_BEHAVIOUR,2026-09-07T06:15:00Z,2026-09-07T06:15:00Z
EVD-SEED-018-005,USR-018,COMP-011,ASS-SEED-018,MANAGER_REVIEW,MANAGER_VALIDATED,,2,0.84,2026-09-01T09:00:00Z,1.0,,seed-manager-demo-v3,1,1,,SRC-MOCK,MOCK_BEHAVIOUR,MOCK_BEHAVIOUR,2026-09-07T06:15:00Z,2026-09-07T06:15:00Z
EVD-SEED-018-006,USR-018,COMP-014,ASS-SEED-018,MANAGER_REVIEW,MANAGER_VALIDATED,,3,0.84,2026-09-01T09:00:00Z,1.0,,seed-manager-demo-v3,1,1,,SRC-MOCK,MOCK_BEHAVIOUR,MOCK_BEHAVIOUR,2026-09-07T06:15:00Z,2026-09-07T06:15:00Z
EVD-SEED-018-007,USR-018,COMP-015,ASS-SEED-018,MANAGER_REVIEW,MANAGER_VALIDATED,,3,0.84,2026-09-01T09:00:00Z,1.0,,seed-manager-demo-v3,1,1,,SRC-MOCK,MOCK_BEHAVIOUR,MOCK_BEHAVIOUR,2026-09-07T06:15:00Z,2026-09-07T06:15:00Z
EVD-SEED-018-008,USR-018,COMP-016,ASS-SEED-018,MANAGER_REVIEW,MANAGER_VALIDATED,,3,0.84,2026-09-01T09:00:00Z,1.0,,seed-manager-demo-v3,1,1,,SRC-MOCK,MOCK_BEHAVIOUR,MOCK_BEHAVIOUR,2026-09-07T06:15:00Z,2026-09-07T06:15:00Z
EVD-SEED-018-009,USR-018,COMP-017,ASS-SEED-018,MANAGER_REVIEW,MANAGER_VALIDATED,,3,0.84,2026-09-01T09:00:00Z,1.0,,seed-manager-demo-v3,1,1,,SRC-MOCK,MOCK_BEHAVIOUR,MOCK_BEHAVIOUR,2026-09-07T06:15:00Z,2026-09-07T06:15:00Z
EVD-SEED-018-010,USR-018,COMP-018,ASS-SEED-018,MANAGER_REVIEW,MANAGER_VALIDATED,,3,0.84,2026-09-01T09:00:00Z,1.0,,seed-manager-demo-v3,1,1,,SRC-MOCK,MOCK_BEHAVIOUR,MOCK_BEHAVIOUR,2026-09-07T06:15:00Z,2026-09-07T06:15:00Z
EVD-SEED-018-011,USR-018,COMP-022,ASS-SEED-018,MANAGER_REVIEW,MANAGER_VALIDATED,,3,0.84,2026-09-01T09:00:00Z,1.0,,seed-manager-demo-v3,1,1,,SRC-MOCK,MOCK_BEHAVIOUR,MOCK_BEHAVIOUR,2026-09-07T06:15:00Z,2026-09-07T06:15:00Z
EVD-SEED-018-012,USR-018,COMP-023,ASS-SEED-018,MANAGER_REVIEW,MANAGER_VALIDATED,,2,0.84,2026-09-01T09:00:00Z,1.0,,seed-manager-demo-v3,1,1,,SRC-MOCK,MOCK_BEHAVIOUR,MOCK_BEHAVIOUR,2026-09-07T06:15:00Z,2026-09-07T06:15:00Z
EVD-SEED-018-013,USR-018,COMP-024,ASS-SEED-018,MANAGER_REVIEW,MANAGER_VALIDATED,,2,0.84,2026-09-01T09:00:00Z,1.0,,seed-manager-demo-v3,1,1,,SRC-MOCK,MOCK_BEHAVIOUR,MOCK_BEHAVIOUR,2026-09-07T06:15:00Z,2026-09-07T06:15:00Z
EVD-SEED-018-014,USR-018,COMP-SAMPLING,ASS-SEED-018,MANAGER_REVIEW,MANAGER_VALIDATED,,3,0.84,2026-09-01T09:00:00Z,1.0,,seed-manager-demo-v3,1,1,,SRC-MOCK,MOCK_BEHAVIOUR,MOCK_BEHAVIOUR,2026-09-07T06:15:00Z,2026-09-07T06:15:00Z
EVD-SEED-019-001,USR-019,COMP-003,ASS-SEED-019,MANAGER_REVIEW,MANAGER_VALIDATED,,3,0.86,2026-09-01T09:00:00Z,1.0,,seed-manager-demo-v3,1,1,,SRC-MOCK,MOCK_BEHAVIOUR,MOCK_BEHAVIOUR,2026-09-07T06:15:00Z,2026-09-07T06:15:00Z
EVD-SEED-019-002,USR-019,COMP-009,ASS-SEED-019,MANAGER_REVIEW,MANAGER_VALIDATED,,3,0.86,2026-09-01T09:00:00Z,1.0,,seed-manager-demo-v3,1,1,,SRC-MOCK,MOCK_BEHAVIOUR,MOCK_BEHAVIOUR,2026-09-07T06:15:00Z,2026-09-07T06:15:00Z
EVD-SEED-019-003,USR-019,COMP-013,ASS-SEED-019,MANAGER_REVIEW,MANAGER_VALIDATED,,2,0.86,2026-09-01T09:00:00Z,1.0,,seed-manager-demo-v3,1,1,,SRC-MOCK,MOCK_BEHAVIOUR,MOCK_BEHAVIOUR,2026-09-07T06:15:00Z,2026-09-07T06:15:00Z
EVD-SEED-019-004,USR-019,COMP-014,ASS-SEED-019,MANAGER_REVIEW,MANAGER_VALIDATED,,3,0.86,2026-09-01T09:00:00Z,1.0,,seed-manager-demo-v3,1,1,,SRC-MOCK,MOCK_BEHAVIOUR,MOCK_BEHAVIOUR,2026-09-07T06:15:00Z,2026-09-07T06:15:00Z
EVD-SEED-019-005,USR-019,COMP-016,ASS-SEED-019,MANAGER_REVIEW,MANAGER_VALIDATED,,3,0.86,2026-09-01T09:00:00Z,1.0,,seed-manager-demo-v3,1,1,,SRC-MOCK,MOCK_BEHAVIOUR,MOCK_BEHAVIOUR,2026-09-07T06:15:00Z,2026-09-07T06:15:00Z
EVD-SEED-019-006,USR-019,COMP-017,ASS-SEED-019,MANAGER_REVIEW,MANAGER_VALIDATED,,3,0.86,2026-09-01T09:00:00Z,1.0,,seed-manager-demo-v3,1,1,,SRC-MOCK,MOCK_BEHAVIOUR,MOCK_BEHAVIOUR,2026-09-07T06:15:00Z,2026-09-07T06:15:00Z
EVD-SEED-019-007,USR-019,COMP-018,ASS-SEED-019,MANAGER_REVIEW,MANAGER_VALIDATED,,3,0.86,2026-09-01T09:00:00Z,1.0,,seed-manager-demo-v3,1,1,,SRC-MOCK,MOCK_BEHAVIOUR,MOCK_BEHAVIOUR,2026-09-07T06:15:00Z,2026-09-07T06:15:00Z
EVD-SEED-019-008,USR-019,COMP-024,ASS-SEED-019,MANAGER_REVIEW,MANAGER_VALIDATED,,2,0.86,2026-09-01T09:00:00Z,1.0,,seed-manager-demo-v3,1,1,,SRC-MOCK,MOCK_BEHAVIOUR,MOCK_BEHAVIOUR,2026-09-07T06:15:00Z,2026-09-07T06:15:00Z
EVD-SEED-019-009,USR-019,COMP-025,ASS-SEED-019,MANAGER_REVIEW,MANAGER_VALIDATED,,2,0.86,2026-09-01T09:00:00Z,1.0,,seed-manager-demo-v3,1,1,,SRC-MOCK,MOCK_BEHAVIOUR,MOCK_BEHAVIOUR,2026-09-07T06:15:00Z,2026-09-07T06:15:00Z
EVD-SEED-019-010,USR-019,COMP-027,ASS-SEED-019,MANAGER_REVIEW,MANAGER_VALIDATED,,2,0.86,2026-09-01T09:00:00Z,1.0,,seed-manager-demo-v3,1,1,,SRC-MOCK,MOCK_BEHAVIOUR,MOCK_BEHAVIOUR,2026-09-07T06:15:00Z,2026-09-07T06:15:00Z
EVD-SEED-019-011,USR-019,COMP-030,ASS-SEED-019,MANAGER_REVIEW,MANAGER_VALIDATED,,2,0.86,2026-09-01T09:00:00Z,1.0,,seed-manager-demo-v3,1,1,,SRC-MOCK,MOCK_BEHAVIOUR,MOCK_BEHAVIOUR,2026-09-07T06:15:00Z,2026-09-07T06:15:00Z
EVD-SEED-019-012,USR-019,COMP-031,ASS-SEED-019,MANAGER_REVIEW,MANAGER_VALIDATED,,2,0.86,2026-09-01T09:00:00Z,1.0,,seed-manager-demo-v3,1,1,,SRC-MOCK,MOCK_BEHAVIOUR,MOCK_BEHAVIOUR,2026-09-07T06:15:00Z,2026-09-07T06:15:00Z
EVD-SEED-019-013,USR-019,COMP-032,ASS-SEED-019,MANAGER_REVIEW,MANAGER_VALIDATED,,2,0.86,2026-09-01T09:00:00Z,1.0,,seed-manager-demo-v3,1,1,,SRC-MOCK,MOCK_BEHAVIOUR,MOCK_BEHAVIOUR,2026-09-07T06:15:00Z,2026-09-07T06:15:00Z
EVD-SEED-020-001,USR-020,COMP-003,ASS-SEED-020,MANAGER_REVIEW,MANAGER_VALIDATED,,3,0.8,2026-09-01T09:00:00Z,1.0,,seed-manager-demo-v3,1,1,,SRC-MOCK,MOCK_BEHAVIOUR,MOCK_BEHAVIOUR,2026-09-07T06:15:00Z,2026-09-07T06:15:00Z
EVD-SEED-020-002,USR-020,COMP-005,ASS-SEED-020,MANAGER_REVIEW,MANAGER_VALIDATED,,3,0.8,2026-09-01T09:00:00Z,1.0,,seed-manager-demo-v3,1,1,,SRC-MOCK,MOCK_BEHAVIOUR,MOCK_BEHAVIOUR,2026-09-07T06:15:00Z,2026-09-07T06:15:00Z
EVD-SEED-020-003,USR-020,COMP-009,ASS-SEED-020,MANAGER_REVIEW,MANAGER_VALIDATED,,3,0.8,2026-09-01T09:00:00Z,1.0,,seed-manager-demo-v3,1,1,,SRC-MOCK,MOCK_BEHAVIOUR,MOCK_BEHAVIOUR,2026-09-07T06:15:00Z,2026-09-07T06:15:00Z
EVD-SEED-020-004,USR-020,COMP-013,ASS-SEED-020,MANAGER_REVIEW,MANAGER_VALIDATED,,2,0.8,2026-09-01T09:00:00Z,1.0,,seed-manager-demo-v3,1,1,,SRC-MOCK,MOCK_BEHAVIOUR,MOCK_BEHAVIOUR,2026-09-07T06:15:00Z,2026-09-07T06:15:00Z
EVD-SEED-020-005,USR-020,COMP-014,ASS-SEED-020,MANAGER_REVIEW,MANAGER_VALIDATED,,3,0.8,2026-09-01T09:00:00Z,1.0,,seed-manager-demo-v3,1,1,,SRC-MOCK,MOCK_BEHAVIOUR,MOCK_BEHAVIOUR,2026-09-07T06:15:00Z,2026-09-07T06:15:00Z
EVD-SEED-020-006,USR-020,COMP-016,ASS-SEED-020,MANAGER_REVIEW,MANAGER_VALIDATED,,3,0.8,2026-09-01T09:00:00Z,1.0,,seed-manager-demo-v3,1,1,,SRC-MOCK,MOCK_BEHAVIOUR,MOCK_BEHAVIOUR,2026-09-07T06:15:00Z,2026-09-07T06:15:00Z
EVD-SEED-020-007,USR-020,COMP-017,ASS-SEED-020,MANAGER_REVIEW,MANAGER_VALIDATED,,3,0.8,2026-09-01T09:00:00Z,1.0,,seed-manager-demo-v3,1,1,,SRC-MOCK,MOCK_BEHAVIOUR,MOCK_BEHAVIOUR,2026-09-07T06:15:00Z,2026-09-07T06:15:00Z
EVD-SEED-020-008,USR-020,COMP-018,ASS-SEED-020,MANAGER_REVIEW,MANAGER_VALIDATED,,3,0.8,2026-09-01T09:00:00Z,1.0,,seed-manager-demo-v3,1,1,,SRC-MOCK,MOCK_BEHAVIOUR,MOCK_BEHAVIOUR,2026-09-07T06:15:00Z,2026-09-07T06:15:00Z
EVD-SEED-020-009,USR-020,COMP-030,ASS-SEED-020,MANAGER_REVIEW,MANAGER_VALIDATED,,2,0.8,2026-09-01T09:00:00Z,1.0,,seed-manager-demo-v3,1,1,,SRC-MOCK,MOCK_BEHAVIOUR,MOCK_BEHAVIOUR,2026-09-07T06:15:00Z,2026-09-07T06:15:00Z
EVD-SEED-020-010,USR-020,COMP-031,ASS-SEED-020,MANAGER_REVIEW,MANAGER_VALIDATED,,2,0.8,2026-09-01T09:00:00Z,1.0,,seed-manager-demo-v3,1,1,,SRC-MOCK,MOCK_BEHAVIOUR,MOCK_BEHAVIOUR,2026-09-07T06:15:00Z,2026-09-07T06:15:00Z
EVD-SEED-020-011,USR-020,COMP-032,ASS-SEED-020,MANAGER_REVIEW,MANAGER_VALIDATED,,1,0.8,2026-09-01T09:00:00Z,1.0,,seed-manager-demo-v3,1,1,,SRC-MOCK,MOCK_BEHAVIOUR,MOCK_BEHAVIOUR,2026-09-07T06:15:00Z,2026-09-07T06:15:00Z
