competency_level_id,competency_id,level_no,level_name,level_description,source_id,provenance,source_type,created_at,updated_at
COMP-SAMPLING-L1,COMP-SAMPLING,1,Awareness,Explain the fundamental concepts of Sampling Methodology. Project rubric; not officially validated.,SRC-PROJECT,DERIVED,DERIVED,2026-09-06T14:52:00Z,2026-09-06T14:52:00Z
COMP-SAMPLING-L2,COMP-SAMPLING,2,Basic Application,Apply standard methods with guidance in Sampling Methodology. Project rubric; not officially validated.,SRC-PROJECT,DERIVED,DERIVED,2026-09-06T14:52:00Z,2026-09-06T14:52:00Z
COMP-SAMPLING-L3,COMP-SAMPLING,3,Independent Application,Perform routine work independently in Sampling Methodology. Project rubric; not officially validated.,SRC-PROJECT,DERIVED,DERIVED,2026-09-06T14:52:00Z,2026-09-06T14:52:00Z
COMP-SAMPLING-L4,COMP-SAMPLING,4,Advanced,Evaluate complex cases and design stronger approaches in Sampling Methodology. Project rubric; not officially validated.,SRC-PROJECT,DERIVED,DERIVED,2026-09-06T14:52:00Z,2026-09-06T14:52:00Z
COMP-SAMPLING-L5,COMP-SAMPLING,5,Expert / Strategic,Lead or guide advanced work and set strategic direction in Sampling Methodology. Project rubric; not officially validated.,SRC-PROJECT,DERIVED,DERIVED,2026-09-06T14:52:00Z,2026-09-06T14:52:00Z
COMP-002-L1,COMP-002,1,Awareness,Explain the fundamental concepts of Digital Tools. Project rubric; not officially validated.,SRC-PROJECT,DERIVED,DERIVED,2026-09-06T14:52:00Z,2026-09-06T14:52:00Z
COMP-002-L2,COMP-002,2,Basic Application,Apply standard methods with guidance in Digital Tools. Project rubric; not officially validated.,SRC-PROJECT,DERIVED,DERIVED,2026-09-06T14:52:00Z,2026-09-06T14:52:00Z
COMP-002-L3,COMP-002,3,Independent Application,Perform routine work independently in Digital Tools. Project rubric; not officially validated.,SRC-PROJECT,DERIVED,DERIVED,2026-09-06T14:52:00Z,2026-09-06T14:52:00Z
COMP-002-L4,COMP-002,4,Advanced,Evaluate complex cases and design stronger approaches in Digital Tools. Project rubric; not officially validated.,SRC-PROJECT,DERIVED,DERIVED,2026-09-06T14:52:00Z,2026-09-06T14:52:00Z
COMP-002-L5,COMP-002,5,Expert / Strategic,Lead or guide advanced work and set strategic direction in Digital Tools. Project rubric; not officially validated.,SRC-PROJECT,DERIVED,DERIVED,2026-09-06T14:52:00Z,2026-09-06T14:52:00Z
COMP-003-L1,COMP-003,1,Awareness,Explain the fundamental concepts of Critical Thinking. Project rubric; not officially validated.,SRC-PROJECT,DERIVED,DERIVED,2026-09-06T14:52:00Z,2026-09-06T14:52:00Z
COMP-003-L2,COMP-003,2,Basic Application,Apply standard methods with guidance in Critical Thinking. Project rubric; not officially validated.,SRC-PROJECT,DERIVED,DERIVED,2026-09-06T14:52:00Z,2026-09-06T14:52:00Z
COMP-003-L3,COMP-003,3,Independent Application,Perform routine work independently in Critical Thinking. Project rubric; not officially validated.,SRC-PROJECT,DERIVED,DERIVED,2026-09-06T14:52:00Z,2026-09-06T14:52:00Z
COMP-003-L4,COMP-003,4,Advanced,Evaluate complex cases and design stronger approaches in Critical Thinking. Project rubric; not officially validated.,SRC-PROJECT,DERIVED,DERIVED,2026-09-06T14:52:00Z,2026-09-06T14:52:00Z
COMP-003-L5,COMP-003,5,Expert / Strategic,Lead or guide advanced work and set strategic direction in Critical Thinking. Project rubric; not officially validated.,SRC-PROJECT,DERIVED,DERIVED,2026-09-06T14:52:00Z,2026-09-06T14:52:00Z
COMP-004-L1,COMP-004,1,Awareness,Explain the fundamental concepts of Survey Data Collection. Project rubric; not officially validated.,SRC-PROJECT,DERIVED,DERIVED,2026-09-06T14:52:00Z,2026-09-06T14:52:00Z
COMP-004-L2,COMP-004,2,Basic Application,Apply standard methods with guidance in Survey Data Collection. Project rubric; not officially validated.,SRC-PROJECT,DERIVED,DERIVED,2026-09-06T14:52:00Z,2026-09-06T14:52:00Z
COMP-004-L3,COMP-004,3,Independent Application,Perform routine work independently in Survey Data Collection. Project rubric; not officially validated.,SRC-PROJECT,DERIVED,DERIVED,2026-09-06T14:52:00Z,2026-09-06T14:52:00Z
COMP-004-L4,COMP-004,4,Advanced,Evaluate complex cases and design stronger approaches in Survey Data Collection. Project rubric; not officially validated.,SRC-PROJECT,DERIVED,DERIVED,2026-09-06T14:52:00Z,2026-09-06T14:52:00Z
COMP-004-L5,COMP-004,5,Expert / Strategic,Lead or guide advanced work and set strategic direction in Survey Data Collection. Project rubric; not officially validated.,SRC-PROJECT,DERIVED,DERIVED,2026-09-06T14:52:00Z,2026-09-06T14:52:00Z
COMP-005-L1,COMP-005,1,Awareness,Explain the fundamental concepts of Communication. Project rubric; not officially validated.,SRC-PROJECT,DERIVED,DERIVED,2026-09-06T14:52:00Z,2026-09-06T14:52:00Z
COMP-005-L2,COMP-005,2,Basic Application,Apply standard methods with guidance in Communication. Project rubric; not officially validated.,SRC-PROJECT,DERIVED,DERIVED,2026-09-06T14:52:00Z,2026-09-06T14:52:00Z
COMP-005-L3,COMP-005,3,Independent Application,Perform routine work independently in Communication. Project rubric; not officially validated.,SRC-PROJECT,DERIVED,DERIVED,2026-09-06T14:52:00Z,2026-09-06T14:52:00Z
COMP-005-L4,COMP-005,4,Advanced,Evaluate complex cases and design stronger approaches in Communication. Project rubric; not officially validated.,SRC-PROJECT,DERIVED,DERIVED,2026-09-06T14:52:00Z,2026-09-06T14:52:00Z
COMP-005-L5,COMP-005,5,Expert / Strategic,Lead or guide advanced work and set strategic direction in Communication. Project rubric; not officially validated.,SRC-PROJECT,DERIVED,DERIVED,2026-09-06T14:52:00Z,2026-09-06T14:52:00Z
COMP-006-L1,COMP-006,1,Awareness,Explain the fundamental concepts of Sampling Frames and UFS. Project rubric; not officially validated.,SRC-PROJECT,DERIVED,DERIVED,2026-09-06T14:52:00Z,2026-09-06T14:52:00Z
COMP-006-L2,COMP-006,2,Basic Application,Apply standard methods with guidance in Sampling Frames and UFS. Project rubric; not officially validated.,SRC-PROJECT,DERIVED,DERIVED,2026-09-06T14:52:00Z,2026-09-06T14:52:00Z
COMP-006-L3,COMP-006,3,Independent Application,Perform routine work independently in Sampling Frames and UFS. Project rubric; not officially validated.,SRC-PROJECT,DERIVED,DERIVED,2026-09-06T14:52:00Z,2026-09-06T14:52:00Z
COMP-006-L4,COMP-006,4,Advanced,Evaluate complex cases and design stronger approaches in Sampling Frames and UFS. Project rubric; not officially validated.,SRC-PROJECT,DERIVED,DERIVED,2026-09-06T14:52:00Z,2026-09-06T14:52:00Z
COMP-006-L5,COMP-006,5,Expert / Strategic,Lead or guide advanced work and set strategic direction in Sampling Frames and UFS. Project rubric; not officially validated.,SRC-PROJECT,DERIVED,DERIVED,2026-09-06T14:52:00Z,2026-09-06T14:52:00Z
COMP-007-L1,COMP-007,1,Awareness,Explain the fundamental concepts of Geospatial Tools. Project rubric; not officially validated.,SRC-PROJECT,DERIVED,DERIVED,2026-09-06T14:52:00Z,2026-09-06T14:52:00Z
COMP-007-L2,COMP-007,2,Basic Application,Apply standard methods with guidance in Geospatial Tools. Project rubric; not officially validated.,SRC-PROJECT,DERIVED,DERIVED,2026-09-06T14:52:00Z,2026-09-06T14:52:00Z
COMP-007-L3,COMP-007,3,Independent Application,Perform routine work independently in Geospatial Tools. Project rubric; not officially validated.,SRC-PROJECT,DERIVED,DERIVED,2026-09-06T14:52:00Z,2026-09-06T14:52:00Z
COMP-007-L4,COMP-007,4,Advanced,Evaluate complex cases and design stronger approaches in Geospatial Tools. Project rubric; not officially validated.,SRC-PROJECT,DERIVED,DERIVED,2026-09-06T14:52:00Z,2026-09-06T14:52:00Z
COMP-007-L5,COMP-007,5,Expert / Strategic,Lead or guide advanced work and set strategic direction in Geospatial Tools. Project rubric; not officially validated.,SRC-PROJECT,DERIVED,DERIVED,2026-09-06T14:52:00Z,2026-09-06T14:52:00Z
COMP-008-L1,COMP-008,1,Awareness,Explain the fundamental concepts of Industrial Statistics. Project rubric; not officially validated.,SRC-PROJECT,DERIVED,DERIVED,2026-09-06T14:52:00Z,2026-09-06T14:52:00Z
COMP-008-L2,COMP-008,2,Basic Application,Apply standard methods with guidance in Industrial Statistics. Project rubric; not officially validated.,SRC-PROJECT,DERIVED,DERIVED,2026-09-06T14:52:00Z,2026-09-06T14:52:00Z
COMP-008-L3,COMP-008,3,Independent Application,Perform routine work independently in Industrial Statistics. Project rubric; not officially validated.,SRC-PROJECT,DERIVED,DERIVED,2026-09-06T14:52:00Z,2026-09-06T14:52:00Z
COMP-008-L4,COMP-008,4,Advanced,Evaluate complex cases and design stronger approaches in Industrial Statistics. Project rubric; not officially validated.,SRC-PROJECT,DERIVED,DERIVED,2026-09-06T14:52:00Z,2026-09-06T14:52:00Z
COMP-008-L5,COMP-008,5,Expert / Strategic,Lead or guide advanced work and set strategic direction in Industrial Statistics. Project rubric; not officially validated.,SRC-PROJECT,DERIVED,DERIVED,2026-09-06T14:52:00Z,2026-09-06T14:52:00Z
COMP-009-L1,COMP-009,1,Awareness,Explain the fundamental concepts of Statistical Analysis. Project rubric; not officially validated.,SRC-PROJECT,DERIVED,DERIVED,2026-09-06T14:52:00Z,2026-09-06T14:52:00Z
COMP-009-L2,COMP-009,2,Basic Application,Apply standard methods with guidance in Statistical Analysis. Project rubric; not officially validated.,SRC-PROJECT,DERIVED,DERIVED,2026-09-06T14:52:00Z,2026-09-06T14:52:00Z
COMP-009-L3,COMP-009,3,Independent Application,Perform routine work independently in Statistical Analysis. Project rubric; not officially validated.,SRC-PROJECT,DERIVED,DERIVED,2026-09-06T14:52:00Z,2026-09-06T14:52:00Z
COMP-009-L4,COMP-009,4,Advanced,Evaluate complex cases and design stronger approaches in Statistical Analysis. Project rubric; not officially validated.,SRC-PROJECT,DERIVED,DERIVED,2026-09-06T14:52:00Z,2026-09-06T14:52:00Z
COMP-009-L5,COMP-009,5,Expert / Strategic,Lead or guide advanced work and set strategic direction in Statistical Analysis. Project rubric; not officially validated.,SRC-PROJECT,DERIVED,DERIVED,2026-09-06T14:52:00Z,2026-09-06T14:52:00Z
COMP-010-L1,COMP-010,1,Awareness,Explain the fundamental concepts of Price Statistics. Project rubric; not officially validated.,SRC-PROJECT,DERIVED,DERIVED,2026-09-06T14:52:00Z,2026-09-06T14:52:00Z
COMP-010-L2,COMP-010,2,Basic Application,Apply standard methods with guidance in Price Statistics. Project rubric; not officially validated.,SRC-PROJECT,DERIVED,DERIVED,2026-09-06T14:52:00Z,2026-09-06T14:52:00Z
COMP-010-L3,COMP-010,3,Independent Application,Perform routine work independently in Price Statistics. Project rubric; not officially validated.,SRC-PROJECT,DERIVED,DERIVED,2026-09-06T14:52:00Z,2026-09-06T14:52:00Z
COMP-010-L4,COMP-010,4,Advanced,Evaluate complex cases and design stronger approaches in Price Statistics. Project rubric; not officially validated.,SRC-PROJECT,DERIVED,DERIVED,2026-09-06T14:52:00Z,2026-09-06T14:52:00Z
COMP-010-L5,COMP-010,5,Expert / Strategic,Lead or guide advanced work and set strategic direction in Price Statistics. Project rubric; not officially validated.,SRC-PROJECT,DERIVED,DERIVED,2026-09-06T14:52:00Z,2026-09-06T14:52:00Z
COMP-011-L1,COMP-011,1,Awareness,Explain the fundamental concepts of Statistical Computing. Project rubric; not officially validated.,SRC-PROJECT,DERIVED,DERIVED,2026-09-06T14:52:00Z,2026-09-06T14:52:00Z
COMP-011-L2,COMP-011,2,Basic Application,Apply standard methods with guidance in Statistical Computing. Project rubric; not officially validated.,SRC-PROJECT,DERIVED,DERIVED,2026-09-06T14:52:00Z,2026-09-06T14:52:00Z
COMP-011-L3,COMP-011,3,Independent Application,Perform routine work independently in Statistical Computing. Project rubric; not officially validated.,SRC-PROJECT,DERIVED,DERIVED,2026-09-06T14:52:00Z,2026-09-06T14:52:00Z
COMP-011-L4,COMP-011,4,Advanced,Evaluate complex cases and design stronger approaches in Statistical Computing. Project rubric; not officially validated.,SRC-PROJECT,DERIVED,DERIVED,2026-09-06T14:52:00Z,2026-09-06T14:52:00Z
COMP-011-L5,COMP-011,5,Expert / Strategic,Lead or guide advanced work and set strategic direction in Statistical Computing. Project rubric; not officially validated.,SRC-PROJECT,DERIVED,DERIVED,2026-09-06T14:52:00Z,2026-09-06T14:52:00Z
COMP-012-L1,COMP-012,1,Awareness,Explain the fundamental concepts of National Accounts. Project rubric; not officially validated.,SRC-PROJECT,DERIVED,DERIVED,2026-09-06T14:52:00Z,2026-09-06T14:52:00Z
COMP-012-L2,COMP-012,2,Basic Application,Apply standard methods with guidance in National Accounts. Project rubric; not officially validated.,SRC-PROJECT,DERIVED,DERIVED,2026-09-06T14:52:00Z,2026-09-06T14:52:00Z
COMP-012-L3,COMP-012,3,Independent Application,Perform routine work independently in National Accounts. Project rubric; not officially validated.,SRC-PROJECT,DERIVED,DERIVED,2026-09-06T14:52:00Z,2026-09-06T14:52:00Z
COMP-012-L4,COMP-012,4,Advanced,Evaluate complex cases and design stronger approaches in National Accounts. Project rubric; not officially validated.,SRC-PROJECT,DERIVED,DERIVED,2026-09-06T14:52:00Z,2026-09-06T14:52:00Z
COMP-012-L5,COMP-012,5,Expert / Strategic,Lead or guide advanced work and set strategic direction in National Accounts. Project rubric; not officially validated.,SRC-PROJECT,DERIVED,DERIVED,2026-09-06T14:52:00Z,2026-09-06T14:52:00Z
COMP-013-L1,COMP-013,1,Awareness,Explain the fundamental concepts of Statistical Data Management. Project rubric; not officially validated.,SRC-PROJECT,DERIVED,DERIVED,2026-09-06T14:52:00Z,2026-09-06T14:52:00Z
COMP-013-L2,COMP-013,2,Basic Application,Apply standard methods with guidance in Statistical Data Management. Project rubric; not officially validated.,SRC-PROJECT,DERIVED,DERIVED,2026-09-06T14:52:00Z,2026-09-06T14:52:00Z
COMP-013-L3,COMP-013,3,Independent Application,Perform routine work independently in Statistical Data Management. Project rubric; not officially validated.,SRC-PROJECT,DERIVED,DERIVED,2026-09-06T14:52:00Z,2026-09-06T14:52:00Z
COMP-013-L4,COMP-013,4,Advanced,Evaluate complex cases and design stronger approaches in Statistical Data Management. Project rubric; not officially validated.,SRC-PROJECT,DERIVED,DERIVED,2026-09-06T14:52:00Z,2026-09-06T14:52:00Z
COMP-013-L5,COMP-013,5,Expert / Strategic,Lead or guide advanced work and set strategic direction in Statistical Data Management. Project rubric; not officially validated.,SRC-PROJECT,DERIVED,DERIVED,2026-09-06T14:52:00Z,2026-09-06T14:52:00Z
COMP-014-L1,COMP-014,1,Awareness,Explain the fundamental concepts of Data Privacy and Disclosure Control. Project rubric; not officially validated.,SRC-PROJECT,DERIVED,DERIVED,2026-09-06T14:52:00Z,2026-09-06T14:52:00Z
COMP-014-L2,COMP-014,2,Basic Application,Apply standard methods with guidance in Data Privacy and Disclosure Control. Project rubric; not officially validated.,SRC-PROJECT,DERIVED,DERIVED,2026-09-06T14:52:00Z,2026-09-06T14:52:00Z
COMP-014-L3,COMP-014,3,Independent Application,Perform routine work independently in Data Privacy and Disclosure Control. Project rubric; not officially validated.,SRC-PROJECT,DERIVED,DERIVED,2026-09-06T14:52:00Z,2026-09-06T14:52:00Z
COMP-014-L4,COMP-014,4,Advanced,Evaluate complex cases and design stronger approaches in Data Privacy and Disclosure Control. Project rubric; not officially validated.,SRC-PROJECT,DERIVED,DERIVED,2026-09-06T14:52:00Z,2026-09-06T14:52:00Z
COMP-014-L5,COMP-014,5,Expert / Strategic,Lead or guide advanced work and set strategic direction in Data Privacy and Disclosure Control. Project rubric; not officially validated.,SRC-PROJECT,DERIVED,DERIVED,2026-09-06T14:52:00Z,2026-09-06T14:52:00Z
COMP-015-L1,COMP-015,1,Awareness,Explain the fundamental concepts of Metadata and Dissemination. Project rubric; not officially validated.,SRC-PROJECT,DERIVED,DERIVED,2026-09-06T14:52:00Z,2026-09-06T14:52:00Z
COMP-015-L2,COMP-015,2,Basic Application,Apply standard methods with guidance in Metadata and Dissemination. Project rubric; not officially validated.,SRC-PROJECT,DERIVED,DERIVED,2026-09-06T14:52:00Z,2026-09-06T14:52:00Z
COMP-015-L3,COMP-015,3,Independent Application,Perform routine work independently in Metadata and Dissemination. Project rubric; not officially validated.,SRC-PROJECT,DERIVED,DERIVED,2026-09-06T14:52:00Z,2026-09-06T14:52:00Z
COMP-015-L4,COMP-015,4,Advanced,Evaluate complex cases and design stronger approaches in Metadata and Dissemination. Project rubric; not officially validated.,SRC-PROJECT,DERIVED,DERIVED,2026-09-06T14:52:00Z,2026-09-06T14:52:00Z
COMP-015-L5,COMP-015,5,Expert / Strategic,Lead or guide advanced work and set strategic direction in Metadata and Dissemination. Project rubric; not officially validated.,SRC-PROJECT,DERIVED,DERIVED,2026-09-06T14:52:00Z,2026-09-06T14:52:00Z
COMP-016-L1,COMP-016,1,Awareness,Explain the fundamental concepts of Leadership. Project rubric; not officially validated.,SRC-PROJECT,DERIVED,DERIVED,2026-09-06T14:52:00Z,2026-09-06T14:52:00Z
COMP-016-L2,COMP-016,2,Basic Application,Apply standard methods with guidance in Leadership. Project rubric; not officially validated.,SRC-PROJECT,DERIVED,DERIVED,2026-09-06T14:52:00Z,2026-09-06T14:52:00Z
COMP-016-L3,COMP-016,3,Independent Application,Perform routine work independently in Leadership. Project rubric; not officially validated.,SRC-PROJECT,DERIVED,DERIVED,2026-09-06T14:52:00Z,2026-09-06T14:52:00Z
COMP-016-L4,COMP-016,4,Advanced,Evaluate complex cases and design stronger approaches in Leadership. Project rubric; not officially validated.,SRC-PROJECT,DERIVED,DERIVED,2026-09-06T14:52:00Z,2026-09-06T14:52:00Z
COMP-016-L5,COMP-016,5,Expert / Strategic,Lead or guide advanced work and set strategic direction in Leadership. Project rubric; not officially validated.,SRC-PROJECT,DERIVED,DERIVED,2026-09-06T14:52:00Z,2026-09-06T14:52:00Z
COMP-017-L1,COMP-017,1,Awareness,Explain the fundamental concepts of Collaboration. Project rubric; not officially validated.,SRC-PROJECT,DERIVED,DERIVED,2026-09-06T14:52:00Z,2026-09-06T14:52:00Z
COMP-017-L2,COMP-017,2,Basic Application,Apply standard methods with guidance in Collaboration. Project rubric; not officially validated.,SRC-PROJECT,DERIVED,DERIVED,2026-09-06T14:52:00Z,2026-09-06T14:52:00Z
COMP-017-L3,COMP-017,3,Independent Application,Perform routine work independently in Collaboration. Project rubric; not officially validated.,SRC-PROJECT,DERIVED,DERIVED,2026-09-06T14:52:00Z,2026-09-06T14:52:00Z
COMP-017-L4,COMP-017,4,Advanced,Evaluate complex cases and design stronger approaches in Collaboration. Project rubric; not officially validated.,SRC-PROJECT,DERIVED,DERIVED,2026-09-06T14:52:00Z,2026-09-06T14:52:00Z
COMP-017-L5,COMP-017,5,Expert / Strategic,Lead or guide advanced work and set strategic direction in Collaboration. Project rubric; not officially validated.,SRC-PROJECT,DERIVED,DERIVED,2026-09-06T14:52:00Z,2026-09-06T14:52:00Z
COMP-018-L1,COMP-018,1,Awareness,Explain the fundamental concepts of Strategic Thinking. Project rubric; not officially validated.,SRC-PROJECT,DERIVED,DERIVED,2026-09-06T14:52:00Z,2026-09-06T14:52:00Z
COMP-018-L2,COMP-018,2,Basic Application,Apply standard methods with guidance in Strategic Thinking. Project rubric; not officially validated.,SRC-PROJECT,DERIVED,DERIVED,2026-09-06T14:52:00Z,2026-09-06T14:52:00Z
COMP-018-L3,COMP-018,3,Independent Application,Perform routine work independently in Strategic Thinking. Project rubric; not officially validated.,SRC-PROJECT,DERIVED,DERIVED,2026-09-06T14:52:00Z,2026-09-06T14:52:00Z
COMP-018-L4,COMP-018,4,Advanced,Evaluate complex cases and design stronger approaches in Strategic Thinking. Project rubric; not officially validated.,SRC-PROJECT,DERIVED,DERIVED,2026-09-06T14:52:00Z,2026-09-06T14:52:00Z
COMP-018-L5,COMP-018,5,Expert / Strategic,Lead or guide advanced work and set strategic direction in Strategic Thinking. Project rubric; not officially validated.,SRC-PROJECT,DERIVED,DERIVED,2026-09-06T14:52:00Z,2026-09-06T14:52:00Z
COMP-019-L1,COMP-019,1,Awareness,"Explain employed, unemployed and outside-labour-force categories and reference periods. Prototype anchor, not an officially calibrated or certified level.",SRC-EXPANSION,DERIVED,DERIVED,2026-09-07T06:15:00Z,2026-09-07T06:15:00Z
COMP-019-L2,COMP-019,2,Basic Application,"Classify fictional cases using a supplied labour-force decision tree. Prototype anchor, not an officially calibrated or certified level.",SRC-EXPANSION,DERIVED,DERIVED,2026-09-07T06:15:00Z,2026-09-07T06:15:00Z
COMP-019-L3,COMP-019,3,Independent Application,"Calculate weighted labour-force participation, worker-population and unemployment rates with documented denominators. Prototype anchor, not an officially calibrated or certified level.",SRC-EXPANSION,DERIVED,DERIVED,2026-09-07T06:15:00Z,2026-09-07T06:15:00Z
COMP-019-L4,COMP-019,4,Advanced,"Review classification, seasonality and comparability across labour-force releases. Prototype anchor, not an officially calibrated or certified level.",SRC-EXPANSION,DERIVED,DERIVED,2026-09-07T06:15:00Z,2026-09-07T06:15:00Z
COMP-019-L5,COMP-019,5,Expert / Strategic,"Govern a reviewed labour-statistics measurement and revision programme. Prototype anchor, not an officially calibrated or certified level.",SRC-EXPANSION,DERIVED,DERIVED,2026-09-07T06:15:00Z,2026-09-07T06:15:00Z
COMP-020-L1,COMP-020,1,Awareness,"Explain crop area, yield, production and reference seasons. Prototype anchor, not an officially calibrated or certified level.",SRC-EXPANSION,DERIVED,DERIVED,2026-09-07T06:15:00Z,2026-09-07T06:15:00Z
COMP-020-L2,COMP-020,2,Basic Application,"Calculate production from supplied area and yield observations with unit checks. Prototype anchor, not an officially calibrated or certified level.",SRC-EXPANSION,DERIVED,DERIVED,2026-09-07T06:15:00Z,2026-09-07T06:15:00Z
COMP-020-L3,COMP-020,3,Independent Application,"Compile and reconcile weighted crop estimates with uncertainty notes. Prototype anchor, not an officially calibrated or certified level.",SRC-EXPANSION,DERIVED,DERIVED,2026-09-07T06:15:00Z,2026-09-07T06:15:00Z
COMP-020-L4,COMP-020,4,Advanced,"Evaluate crop-cutting and administrative-source discrepancies and justify adjustments. Prototype anchor, not an officially calibrated or certified level.",SRC-EXPANSION,DERIVED,DERIVED,2026-09-07T06:15:00Z,2026-09-07T06:15:00Z
COMP-020-L5,COMP-020,5,Expert / Strategic,"Govern an agricultural-statistics quality and revision framework. Prototype anchor, not an officially calibrated or certified level.",SRC-EXPANSION,DERIVED,DERIVED,2026-09-07T06:15:00Z,2026-09-07T06:15:00Z
COMP-021-L1,COMP-021,1,Awareness,"Distinguish goals, targets, indicators and policy thresholds. Prototype anchor, not an officially calibrated or certified level.",SRC-EXPANSION,DERIVED,DERIVED,2026-09-07T06:15:00Z,2026-09-07T06:15:00Z
COMP-021-L2,COMP-021,2,Basic Application,"Calculate a supplied indicator using its defined numerator, denominator and unit. Prototype anchor, not an officially calibrated or certified level.",SRC-EXPANSION,DERIVED,DERIVED,2026-09-07T06:15:00Z,2026-09-07T06:15:00Z
COMP-021-L3,COMP-021,3,Independent Application,"Produce a disaggregated indicator table with source, reference period and comparability notes. Prototype anchor, not an officially calibrated or certified level.",SRC-EXPANSION,DERIVED,DERIVED,2026-09-07T06:15:00Z,2026-09-07T06:15:00Z
COMP-021-L4,COMP-021,4,Advanced,"Audit missingness, disaggregation and cross-source comparability in an indicator series. Prototype anchor, not an officially calibrated or certified level.",SRC-EXPANSION,DERIVED,DERIVED,2026-09-07T06:15:00Z,2026-09-07T06:15:00Z
COMP-021-L5,COMP-021,5,Expert / Strategic,"Govern indicator revisions and cross-agency statistical reporting. Prototype anchor, not an officially calibrated or certified level.",SRC-EXPANSION,DERIVED,DERIVED,2026-09-07T06:15:00Z,2026-09-07T06:15:00Z
COMP-022-L1,COMP-022,1,Awareness,"Explain relevance, accuracy, timeliness, coherence, comparability and accessibility. Prototype anchor, not an officially calibrated or certified level.",SRC-EXPANSION,DERIVED,DERIVED,2026-09-07T06:15:00Z,2026-09-07T06:15:00Z
COMP-022-L2,COMP-022,2,Basic Application,"Apply supplied validation rules to a fictional dataset. Prototype anchor, not an officially calibrated or certified level.",SRC-EXPANSION,DERIVED,DERIVED,2026-09-07T06:15:00Z,2026-09-07T06:15:00Z
COMP-022-L3,COMP-022,3,Independent Application,"Prepare a reproducible quality report with checks, exceptions and corrective actions. Prototype anchor, not an officially calibrated or certified level.",SRC-EXPANSION,DERIVED,DERIVED,2026-09-07T06:15:00Z,2026-09-07T06:15:00Z
COMP-022-L4,COMP-022,4,Advanced,"Design proportionate quality gates and assess quality trade-offs across statistical processes. Prototype anchor, not an officially calibrated or certified level.",SRC-EXPANSION,DERIVED,DERIVED,2026-09-07T06:15:00Z,2026-09-07T06:15:00Z
COMP-022-L5,COMP-022,5,Expert / Strategic,"Govern organization-wide quality assurance and independently review effectiveness. Prototype anchor, not an officially calibrated or certified level.",SRC-EXPANSION,DERIVED,DERIVED,2026-09-07T06:15:00Z,2026-09-07T06:15:00Z
COMP-023-L1,COMP-023,1,Awareness,"Explain survey objectives, target populations, measurement and response burden. Prototype anchor, not an officially calibrated or certified level.",SRC-EXPANSION,DERIVED,DERIVED,2026-09-07T06:15:00Z,2026-09-07T06:15:00Z
COMP-023-L2,COMP-023,2,Basic Application,"Draft questions and routing from a supplied specification and test simple paths. Prototype anchor, not an officially calibrated or certified level.",SRC-EXPANSION,DERIVED,DERIVED,2026-09-07T06:15:00Z,2026-09-07T06:15:00Z
COMP-023-L3,COMP-023,3,Independent Application,"Design and pilot a questionnaire and document measurement and nonresponse risks. Prototype anchor, not an officially calibrated or certified level.",SRC-EXPANSION,DERIVED,DERIVED,2026-09-07T06:15:00Z,2026-09-07T06:15:00Z
COMP-023-L4,COMP-023,4,Advanced,"Evaluate questionnaire validity, mode effects and pilot evidence to revise a design. Prototype anchor, not an officially calibrated or certified level.",SRC-EXPANSION,DERIVED,DERIVED,2026-09-07T06:15:00Z,2026-09-07T06:15:00Z
COMP-023-L5,COMP-023,5,Expert / Strategic,"Lead review and harmonization of survey-design standards across programmes. Prototype anchor, not an officially calibrated or certified level.",SRC-EXPANSION,DERIVED,DERIVED,2026-09-07T06:15:00Z,2026-09-07T06:15:00Z
COMP-024-L1,COMP-024,1,Awareness,"Explain concepts, dimensions and code lists and the different purposes of DDI and SDMX. Prototype anchor, not an officially calibrated or certified level.",SRC-EXPANSION,DERIVED,DERIVED,2026-09-07T06:15:00Z,2026-09-07T06:15:00Z
COMP-024-L2,COMP-024,2,Basic Application,"Populate a supplied metadata template and validate allowed codes. Prototype anchor, not an officially calibrated or certified level.",SRC-EXPANSION,DERIVED,DERIVED,2026-09-07T06:15:00Z,2026-09-07T06:15:00Z
COMP-024-L3,COMP-024,3,Independent Application,"Produce and validate a versioned statistical metadata package and crosswalk. Prototype anchor, not an officially calibrated or certified level.",SRC-EXPANSION,DERIVED,DERIVED,2026-09-07T06:15:00Z,2026-09-07T06:15:00Z
COMP-024-L4,COMP-024,4,Advanced,"Resolve semantic and versioning conflicts across exchanged statistical datasets. Prototype anchor, not an officially calibrated or certified level.",SRC-EXPANSION,DERIVED,DERIVED,2026-09-07T06:15:00Z,2026-09-07T06:15:00Z
COMP-024-L5,COMP-024,5,Expert / Strategic,"Govern metadata standards, stewardship and change control. Prototype anchor, not an officially calibrated or certified level.",SRC-EXPANSION,DERIVED,DERIVED,2026-09-07T06:15:00Z,2026-09-07T06:15:00Z
COMP-025-L1,COMP-025,1,Awareness,"Read simple Python expressions, data types and tabular processing steps. Prototype anchor, not an officially calibrated or certified level.",SRC-EXPANSION,DERIVED,DERIVED,2026-09-07T06:15:00Z,2026-09-07T06:15:00Z
COMP-025-L2,COMP-025,2,Basic Application,"Adapt a supplied script to clean fictional records with missing-value checks. Prototype anchor, not an officially calibrated or certified level.",SRC-EXPANSION,DERIVED,DERIVED,2026-09-07T06:15:00Z,2026-09-07T06:15:00Z
COMP-025-L3,COMP-025,3,Independent Application,"Build a repeatable data pipeline with functions, tests and documented dependencies. Prototype anchor, not an officially calibrated or certified level.",SRC-EXPANSION,DERIVED,DERIVED,2026-09-07T06:15:00Z,2026-09-07T06:15:00Z
COMP-025-L4,COMP-025,4,Advanced,"Review numerical correctness, memory use and reproducibility of Python workflows. Prototype anchor, not an officially calibrated or certified level.",SRC-EXPANSION,DERIVED,DERIVED,2026-09-07T06:15:00Z,2026-09-07T06:15:00Z
COMP-025-L5,COMP-025,5,Expert / Strategic,"Govern maintainable statistical Python systems and independent code review. Prototype anchor, not an officially calibrated or certified level.",SRC-EXPANSION,DERIVED,DERIVED,2026-09-07T06:15:00Z,2026-09-07T06:15:00Z
COMP-026-L1,COMP-026,1,Awareness,"Explain R vectors, data frames and explicit missing values. Prototype anchor, not an officially calibrated or certified level.",SRC-EXPANSION,DERIVED,DERIVED,2026-09-07T06:15:00Z,2026-09-07T06:15:00Z
COMP-026-L2,COMP-026,2,Basic Application,"Adapt an R script to summarize a supplied fictional dataset. Prototype anchor, not an officially calibrated or certified level.",SRC-EXPANSION,DERIVED,DERIVED,2026-09-07T06:15:00Z,2026-09-07T06:15:00Z
COMP-026-L3,COMP-026,3,Independent Application,"Produce reproducible weighted analysis with diagnostic checks and session metadata. Prototype anchor, not an officially calibrated or certified level.",SRC-EXPANSION,DERIVED,DERIVED,2026-09-07T06:15:00Z,2026-09-07T06:15:00Z
COMP-026-L4,COMP-026,4,Advanced,"Review statistical assumptions, uncertainty and reproducibility of an R analysis. Prototype anchor, not an officially calibrated or certified level.",SRC-EXPANSION,DERIVED,DERIVED,2026-09-07T06:15:00Z,2026-09-07T06:15:00Z
COMP-026-L5,COMP-026,5,Expert / Strategic,"Govern reusable R analysis standards and independent analytical review. Prototype anchor, not an officially calibrated or certified level.",SRC-EXPANSION,DERIVED,DERIVED,2026-09-07T06:15:00Z,2026-09-07T06:15:00Z
COMP-027-L1,COMP-027,1,Awareness,"Explain primary keys, joins, filters and SQL NULL. Prototype anchor, not an officially calibrated or certified level.",SRC-EXPANSION,DERIVED,DERIVED,2026-09-07T06:15:00Z,2026-09-07T06:15:00Z
COMP-027-L2,COMP-027,2,Basic Application,"Write simple selections and grouped summaries using a provided schema. Prototype anchor, not an officially calibrated or certified level.",SRC-EXPANSION,DERIVED,DERIVED,2026-09-07T06:15:00Z,2026-09-07T06:15:00Z
COMP-027-L3,COMP-027,3,Independent Application,"Build tested multi-table queries that avoid duplicate amplification and handle NULL correctly. Prototype anchor, not an officially calibrated or certified level.",SRC-EXPANSION,DERIVED,DERIVED,2026-09-07T06:15:00Z,2026-09-07T06:15:00Z
COMP-027-L4,COMP-027,4,Advanced,"Review query plans, constraints and aggregate reconciliation on larger data. Prototype anchor, not an officially calibrated or certified level.",SRC-EXPANSION,DERIVED,DERIVED,2026-09-07T06:15:00Z,2026-09-07T06:15:00Z
COMP-027-L5,COMP-027,5,Expert / Strategic,"Govern auditable SQL models, access patterns and data-quality controls. Prototype anchor, not an officially calibrated or certified level.",SRC-EXPANSION,DERIVED,DERIVED,2026-09-07T06:15:00Z,2026-09-07T06:15:00Z
COMP-028-L1,COMP-028,1,Awareness,"Explain chart types, scales, labels and misleading visual encodings. Prototype anchor, not an officially calibrated or certified level.",SRC-EXPANSION,DERIVED,DERIVED,2026-09-07T06:15:00Z,2026-09-07T06:15:00Z
COMP-028-L2,COMP-028,2,Basic Application,"Create a labeled chart from supplied fictional summary data. Prototype anchor, not an officially calibrated or certified level.",SRC-EXPANSION,DERIVED,DERIVED,2026-09-07T06:15:00Z,2026-09-07T06:15:00Z
COMP-028-L3,COMP-028,3,Independent Application,"Build an accessible visual narrative with uncertainty, units and source notes. Prototype anchor, not an officially calibrated or certified level.",SRC-EXPANSION,DERIVED,DERIVED,2026-09-07T06:15:00Z,2026-09-07T06:15:00Z
COMP-028-L4,COMP-028,4,Advanced,"Review dashboards for misleading comparisons, disclosure risk and comprehension. Prototype anchor, not an officially calibrated or certified level.",SRC-EXPANSION,DERIVED,DERIVED,2026-09-07T06:15:00Z,2026-09-07T06:15:00Z
COMP-028-L5,COMP-028,5,Expert / Strategic,"Govern visualization standards and evaluate their use across statistical releases. Prototype anchor, not an officially calibrated or certified level.",SRC-EXPANSION,DERIVED,DERIVED,2026-09-07T06:15:00Z,2026-09-07T06:15:00Z
COMP-029-L1,COMP-029,1,Awareness,"Distinguish prediction from inference and training, validation and test data. Prototype anchor, not an officially calibrated or certified level.",SRC-EXPANSION,DERIVED,DERIVED,2026-09-07T06:15:00Z,2026-09-07T06:15:00Z
COMP-029-L2,COMP-029,2,Basic Application,"Train and evaluate a supplied baseline on fictional non-sensitive data. Prototype anchor, not an officially calibrated or certified level.",SRC-EXPANSION,DERIVED,DERIVED,2026-09-07T06:15:00Z,2026-09-07T06:15:00Z
COMP-029-L3,COMP-029,3,Independent Application,"Build a leakage-controlled evaluation and document metrics, bias and limitations. Prototype anchor, not an officially calibrated or certified level.",SRC-EXPANSION,DERIVED,DERIVED,2026-09-07T06:15:00Z,2026-09-07T06:15:00Z
COMP-029-L4,COMP-029,4,Advanced,"Evaluate drift, generalization and risks before reviewed statistical ML deployment. Prototype anchor, not an officially calibrated or certified level.",SRC-EXPANSION,DERIVED,DERIVED,2026-09-07T06:15:00Z,2026-09-07T06:15:00Z
COMP-029-L5,COMP-029,5,Expert / Strategic,"Govern model inventory, validation, monitoring and accountable human oversight. Prototype anchor, not an officially calibrated or certified level.",SRC-EXPANSION,DERIVED,DERIVED,2026-09-07T06:15:00Z,2026-09-07T06:15:00Z
COMP-030-L1,COMP-030,1,Awareness,"Explain compute, storage, identity and shared responsibility. Prototype anchor, not an officially calibrated or certified level.",SRC-EXPANSION,DERIVED,DERIVED,2026-09-07T06:15:00Z,2026-09-07T06:15:00Z
COMP-030-L2,COMP-030,2,Basic Application,"Configure a sandbox workload using supplied least-privilege settings. Prototype anchor, not an officially calibrated or certified level.",SRC-EXPANSION,DERIVED,DERIVED,2026-09-07T06:15:00Z,2026-09-07T06:15:00Z
COMP-030-L3,COMP-030,3,Independent Application,"Design a logged reproducible data workload with backup and cost controls. Prototype anchor, not an officially calibrated or certified level.",SRC-EXPANSION,DERIVED,DERIVED,2026-09-07T06:15:00Z,2026-09-07T06:15:00Z
COMP-030-L4,COMP-030,4,Advanced,"Review resilience, data-location constraints and secure deployment trade-offs. Prototype anchor, not an officially calibrated or certified level.",SRC-EXPANSION,DERIVED,DERIVED,2026-09-07T06:15:00Z,2026-09-07T06:15:00Z
COMP-030-L5,COMP-030,5,Expert / Strategic,"Govern cloud architecture and independently tested operational and recovery controls. Prototype anchor, not an officially calibrated or certified level.",SRC-EXPANSION,DERIVED,DERIVED,2026-09-07T06:15:00Z,2026-09-07T06:15:00Z
COMP-031-L1,COMP-031,1,Awareness,"Explain requests, responses, status codes and API contracts. Prototype anchor, not an officially calibrated or certified level.",SRC-EXPANSION,DERIVED,DERIVED,2026-09-07T06:15:00Z,2026-09-07T06:15:00Z
COMP-031-L2,COMP-031,2,Basic Application,"Consume a local fixture API and validate response types and required fields. Prototype anchor, not an officially calibrated or certified level.",SRC-EXPANSION,DERIVED,DERIVED,2026-09-07T06:15:00Z,2026-09-07T06:15:00Z
COMP-031-L3,COMP-031,3,Independent Application,"Implement contract-tested pagination, input validation and idempotent write handling. Prototype anchor, not an officially calibrated or certified level.",SRC-EXPANSION,DERIVED,DERIVED,2026-09-07T06:15:00Z,2026-09-07T06:15:00Z
COMP-031-L4,COMP-031,4,Advanced,"Review versioning, authorization boundaries, performance and failure behavior. Prototype anchor, not an officially calibrated or certified level.",SRC-EXPANSION,DERIVED,DERIVED,2026-09-07T06:15:00Z,2026-09-07T06:15:00Z
COMP-031-L5,COMP-031,5,Expert / Strategic,"Govern interoperable API standards and service compatibility. Prototype anchor, not an officially calibrated or certified level.",SRC-EXPANSION,DERIVED,DERIVED,2026-09-07T06:15:00Z,2026-09-07T06:15:00Z
COMP-032-L1,COMP-032,1,Awareness,"Recognize phishing, credential risks and incident-reporting responsibilities. Prototype anchor, not an officially calibrated or certified level.",SRC-EXPANSION,DERIVED,DERIVED,2026-09-07T06:15:00Z,2026-09-07T06:15:00Z
COMP-032-L2,COMP-032,2,Basic Application,"Apply MFA, least privilege and safe file handling in a training scenario. Prototype anchor, not an officially calibrated or certified level.",SRC-EXPANSION,DERIVED,DERIVED,2026-09-07T06:15:00Z,2026-09-07T06:15:00Z
COMP-032-L3,COMP-032,3,Independent Application,"Assess a local-service threat model and validate access, logging and patch controls. Prototype anchor, not an officially calibrated or certified level.",SRC-EXPANSION,DERIVED,DERIVED,2026-09-07T06:15:00Z,2026-09-07T06:15:00Z
COMP-032-L4,COMP-032,4,Advanced,"Review security findings and coordinate a tabletop incident-response exercise. Prototype anchor, not an officially calibrated or certified level.",SRC-EXPANSION,DERIVED,DERIVED,2026-09-07T06:15:00Z,2026-09-07T06:15:00Z
COMP-032-L5,COMP-032,5,Expert / Strategic,"Govern risk-based cybersecurity assurance and independently evaluated response readiness. Prototype anchor, not an officially calibrated or certified level.",SRC-EXPANSION,DERIVED,DERIVED,2026-09-07T06:15:00Z,2026-09-07T06:15:00Z
