gap_id,user_id,scope,position_id,competency_id,required_level,current_level,signed_gap,unmet_gap,gap_status,priority,recommendation_status,contributing_role_ids,contributing_activity_ids,provenance,source_type,source_id,created_at,updated_at
GAP-USR-001-CURRENT-COMP-002,USR-001,CURRENT,POS-001,COMP-002,3,2,1,1,MEDIUM,MEDIUM,VERIFIED_DESTINATION_DEMO_MAPPING,"[""ROLE-001""]","[""ACT-001"", ""ACT-002"", ""ACT-003""]",DERIVED,DERIVED,SRC-PROJECT,2026-09-06T14:52:00Z,2026-09-06T14:52:00Z
GAP-USR-001-CURRENT-COMP-003,USR-001,CURRENT,POS-001,COMP-003,3,3,0,0,NO_GAP,NO_GAP,NOT_NEEDED,"[""ROLE-001""]","[""ACT-001""]",DERIVED,DERIVED,SRC-PROJECT,2026-09-06T14:52:00Z,2026-09-06T14:52:00Z
GAP-USR-001-CURRENT-COMP-004,USR-001,CURRENT,POS-001,COMP-004,3,3,0,0,NO_GAP,NO_GAP,NOT_NEEDED,"[""ROLE-001""]","[""ACT-002""]",DERIVED,DERIVED,SRC-PROJECT,2026-09-06T14:52:00Z,2026-09-06T14:52:00Z
GAP-USR-001-CURRENT-COMP-005,USR-001,CURRENT,POS-001,COMP-005,3,3,0,0,NO_GAP,NO_GAP,NOT_NEEDED,"[""ROLE-001""]","[""ACT-002""]",DERIVED,DERIVED,SRC-PROJECT,2026-09-06T14:52:00Z,2026-09-06T14:52:00Z
GAP-USR-001-CURRENT-COMP-006,USR-001,CURRENT,POS-001,COMP-006,3,3,0,0,NO_GAP,NO_GAP,NOT_NEEDED,"[""ROLE-001""]","[""ACT-003""]",DERIVED,DERIVED,SRC-PROJECT,2026-09-06T14:52:00Z,2026-09-06T14:52:00Z
GAP-USR-001-CURRENT-COMP-007,USR-001,CURRENT,POS-001,COMP-007,3,3,0,0,NO_GAP,NO_GAP,NOT_NEEDED,"[""ROLE-001""]","[""ACT-003""]",DERIVED,DERIVED,SRC-PROJECT,2026-09-06T14:52:00Z,2026-09-06T14:52:00Z
GAP-USR-001-CURRENT-COMP-SAMPLING,USR-001,CURRENT,POS-001,COMP-SAMPLING,3,2,1,1,MEDIUM,MEDIUM,NO_VERIFIED_COURSE,"[""ROLE-001""]","[""ACT-001""]",DERIVED,DERIVED,SRC-PROJECT,2026-09-06T14:52:00Z,2026-09-06T14:52:00Z
GAP-USR-001-TARGET-COMP-002,USR-001,TARGET,POS-002,COMP-002,3,2,1,1,MEDIUM,MEDIUM,VERIFIED_DESTINATION_DEMO_MAPPING,"[""ROLE-001""]","[""ACT-001"", ""ACT-002"", ""ACT-003""]",DERIVED,DERIVED,SRC-PROJECT,2026-09-06T14:52:00Z,2026-09-06T14:52:00Z
GAP-USR-001-TARGET-COMP-003,USR-001,TARGET,POS-002,COMP-003,3,3,0,0,NO_GAP,NO_GAP,NOT_NEEDED,"[""ROLE-001""]","[""ACT-001""]",DERIVED,DERIVED,SRC-PROJECT,2026-09-06T14:52:00Z,2026-09-06T14:52:00Z
GAP-USR-001-TARGET-COMP-004,USR-001,TARGET,POS-002,COMP-004,3,3,0,0,NO_GAP,NO_GAP,NOT_NEEDED,"[""ROLE-001""]","[""ACT-002""]",DERIVED,DERIVED,SRC-PROJECT,2026-09-06T14:52:00Z,2026-09-06T14:52:00Z
GAP-USR-001-TARGET-COMP-005,USR-001,TARGET,POS-002,COMP-005,4,3,1,1,MEDIUM,MEDIUM,NO_VERIFIED_COURSE,"[""ROLE-001"", ""ROLE-007""]","[""ACT-002"", ""ACT-011""]",DERIVED,DERIVED,SRC-PROJECT,2026-09-06T14:52:00Z,2026-09-06T14:52:00Z
GAP-USR-001-TARGET-COMP-006,USR-001,TARGET,POS-002,COMP-006,3,3,0,0,NO_GAP,NO_GAP,NOT_NEEDED,"[""ROLE-001""]","[""ACT-003""]",DERIVED,DERIVED,SRC-PROJECT,2026-09-06T14:52:00Z,2026-09-06T14:52:00Z
GAP-USR-001-TARGET-COMP-007,USR-001,TARGET,POS-002,COMP-007,3,3,0,0,NO_GAP,NO_GAP,NOT_NEEDED,"[""ROLE-001""]","[""ACT-003""]",DERIVED,DERIVED,SRC-PROJECT,2026-09-06T14:52:00Z,2026-09-06T14:52:00Z
GAP-USR-001-TARGET-COMP-016,USR-001,TARGET,POS-002,COMP-016,3,2,1,1,MEDIUM,MEDIUM,NO_VERIFIED_COURSE,"[""ROLE-007""]","[""ACT-011""]",DERIVED,DERIVED,SRC-PROJECT,2026-09-06T14:52:00Z,2026-09-06T14:52:00Z
GAP-USR-001-TARGET-COMP-017,USR-001,TARGET,POS-002,COMP-017,3,3,0,0,NO_GAP,NO_GAP,NOT_NEEDED,"[""ROLE-007""]","[""ACT-011""]",DERIVED,DERIVED,SRC-PROJECT,2026-09-06T14:52:00Z,2026-09-06T14:52:00Z
GAP-USR-001-TARGET-COMP-SAMPLING,USR-001,TARGET,POS-002,COMP-SAMPLING,4,2,2,2,HIGH,HIGH,NO_VERIFIED_COURSE,"[""ROLE-001"", ""ROLE-007""]","[""ACT-001"", ""ACT-011""]",DERIVED,DERIVED,SRC-PROJECT,2026-09-06T14:52:00Z,2026-09-06T14:52:00Z
GAP-USR-002-CURRENT-COMP-003,USR-002,CURRENT,POS-003,COMP-003,3,3,0,0,NO_GAP,NO_GAP,NOT_NEEDED,"[""ROLE-002""]","[""ACT-004""]",DERIVED,DERIVED,SRC-PROJECT,2026-09-06T14:52:00Z,2026-09-06T14:52:00Z
GAP-USR-002-CURRENT-COMP-008,USR-002,CURRENT,POS-003,COMP-008,3,3,0,0,NO_GAP,NO_GAP,NOT_NEEDED,"[""ROLE-002""]","[""ACT-004""]",DERIVED,DERIVED,SRC-PROJECT,2026-09-06T14:52:00Z,2026-09-06T14:52:00Z
GAP-USR-002-CURRENT-COMP-009,USR-002,CURRENT,POS-003,COMP-009,4,3,1,1,MEDIUM,MEDIUM,NO_VERIFIED_COURSE,"[""ROLE-002""]","[""ACT-004""]",DERIVED,DERIVED,SRC-PROJECT,2026-09-06T14:52:00Z,2026-09-06T14:52:00Z
GAP-USR-002-TARGET-COMP-003,USR-002,TARGET,POS-004,COMP-003,3,3,0,0,NO_GAP,NO_GAP,NOT_NEEDED,"[""ROLE-002""]","[""ACT-004""]",DERIVED,DERIVED,SRC-PROJECT,2026-09-06T14:52:00Z,2026-09-06T14:52:00Z
GAP-USR-002-TARGET-COMP-008,USR-002,TARGET,POS-004,COMP-008,3,3,0,0,NO_GAP,NO_GAP,NOT_NEEDED,"[""ROLE-002""]","[""ACT-004""]",DERIVED,DERIVED,SRC-PROJECT,2026-09-06T14:52:00Z,2026-09-06T14:52:00Z
GAP-USR-002-TARGET-COMP-009,USR-002,TARGET,POS-004,COMP-009,4,3,1,1,MEDIUM,MEDIUM,NO_VERIFIED_COURSE,"[""ROLE-002""]","[""ACT-004""]",DERIVED,DERIVED,SRC-PROJECT,2026-09-06T14:52:00Z,2026-09-06T14:52:00Z
GAP-USR-003-CURRENT-COMP-003,USR-003,CURRENT,POS-005,COMP-003,3,3,0,0,NO_GAP,NO_GAP,NOT_NEEDED,"[""ROLE-003""]","[""ACT-005""]",DERIVED,DERIVED,SRC-PROJECT,2026-09-06T14:52:00Z,2026-09-06T14:52:00Z
GAP-USR-003-CURRENT-COMP-009,USR-003,CURRENT,POS-005,COMP-009,3,3,0,0,NO_GAP,NO_GAP,NOT_NEEDED,"[""ROLE-003""]","[""ACT-005"", ""ACT-006""]",DERIVED,DERIVED,SRC-PROJECT,2026-09-06T14:52:00Z,2026-09-06T14:52:00Z
GAP-USR-003-CURRENT-COMP-010,USR-003,CURRENT,POS-005,COMP-010,4,2,2,2,HIGH,HIGH,NO_VERIFIED_COURSE,"[""ROLE-003""]","[""ACT-005"", ""ACT-006""]",DERIVED,DERIVED,SRC-PROJECT,2026-09-06T14:52:00Z,2026-09-06T14:52:00Z
GAP-USR-003-CURRENT-COMP-011,USR-003,CURRENT,POS-005,COMP-011,3,3,0,0,NO_GAP,NO_GAP,NOT_NEEDED,"[""ROLE-003""]","[""ACT-006""]",DERIVED,DERIVED,SRC-PROJECT,2026-09-06T14:52:00Z,2026-09-06T14:52:00Z
GAP-USR-003-TARGET-COMP-003,USR-003,TARGET,POS-006,COMP-003,3,3,0,0,NO_GAP,NO_GAP,NOT_NEEDED,"[""ROLE-003""]","[""ACT-005""]",DERIVED,DERIVED,SRC-PROJECT,2026-09-06T14:52:00Z,2026-09-06T14:52:00Z
GAP-USR-003-TARGET-COMP-009,USR-003,TARGET,POS-006,COMP-009,3,3,0,0,NO_GAP,NO_GAP,NOT_NEEDED,"[""ROLE-003""]","[""ACT-005"", ""ACT-006""]",DERIVED,DERIVED,SRC-PROJECT,2026-09-06T14:52:00Z,2026-09-06T14:52:00Z
GAP-USR-003-TARGET-COMP-010,USR-003,TARGET,POS-006,COMP-010,4,2,2,2,HIGH,HIGH,NO_VERIFIED_COURSE,"[""ROLE-003""]","[""ACT-005"", ""ACT-006""]",DERIVED,DERIVED,SRC-PROJECT,2026-09-06T14:52:00Z,2026-09-06T14:52:00Z
GAP-USR-003-TARGET-COMP-011,USR-003,TARGET,POS-006,COMP-011,3,3,0,0,NO_GAP,NO_GAP,NOT_NEEDED,"[""ROLE-003""]","[""ACT-006""]",DERIVED,DERIVED,SRC-PROJECT,2026-09-06T14:52:00Z,2026-09-06T14:52:00Z
GAP-USR-004-CURRENT-COMP-003,USR-004,CURRENT,POS-007,COMP-003,3,3,0,0,NO_GAP,NO_GAP,NOT_NEEDED,"[""ROLE-004""]","[""ACT-007""]",DERIVED,DERIVED,SRC-PROJECT,2026-09-06T14:52:00Z,2026-09-06T14:52:00Z
GAP-USR-004-CURRENT-COMP-009,USR-004,CURRENT,POS-007,COMP-009,4,4,0,0,NO_GAP,NO_GAP,NOT_NEEDED,"[""ROLE-004""]","[""ACT-007""]",DERIVED,DERIVED,SRC-PROJECT,2026-09-06T14:52:00Z,2026-09-06T14:52:00Z
GAP-USR-004-CURRENT-COMP-012,USR-004,CURRENT,POS-007,COMP-012,4,4,0,0,NO_GAP,NO_GAP,NOT_NEEDED,"[""ROLE-004""]","[""ACT-007""]",DERIVED,DERIVED,SRC-PROJECT,2026-09-06T14:52:00Z,2026-09-06T14:52:00Z
GAP-USR-004-TARGET-COMP-003,USR-004,TARGET,POS-008,COMP-003,4,3,1,1,MEDIUM,MEDIUM,NO_VERIFIED_COURSE,"[""ROLE-004"", ""ROLE-008""]","[""ACT-007"", ""ACT-013""]",DERIVED,DERIVED,SRC-PROJECT,2026-09-06T14:52:00Z,2026-09-06T14:52:00Z
GAP-USR-004-TARGET-COMP-009,USR-004,TARGET,POS-008,COMP-009,4,4,0,0,NO_GAP,NO_GAP,NOT_NEEDED,"[""ROLE-004"", ""ROLE-008""]","[""ACT-007"", ""ACT-013""]",DERIVED,DERIVED,SRC-PROJECT,2026-09-06T14:52:00Z,2026-09-06T14:52:00Z
GAP-USR-004-TARGET-COMP-012,USR-004,TARGET,POS-008,COMP-012,4,4,0,0,NO_GAP,NO_GAP,NOT_NEEDED,"[""ROLE-004""]","[""ACT-007""]",DERIVED,DERIVED,SRC-PROJECT,2026-09-06T14:52:00Z,2026-09-06T14:52:00Z
GAP-USR-004-TARGET-COMP-014,USR-004,TARGET,POS-008,COMP-014,4,3,1,1,MEDIUM,MEDIUM,NO_VERIFIED_COURSE,"[""ROLE-008""]","[""ACT-013""]",DERIVED,DERIVED,SRC-PROJECT,2026-09-06T14:52:00Z,2026-09-06T14:52:00Z
GAP-USR-004-TARGET-COMP-016,USR-004,TARGET,POS-008,COMP-016,4,3,1,1,MEDIUM,MEDIUM,NO_VERIFIED_COURSE,"[""ROLE-008""]","[""ACT-012""]",DERIVED,DERIVED,SRC-PROJECT,2026-09-06T14:52:00Z,2026-09-06T14:52:00Z
GAP-USR-004-TARGET-COMP-017,USR-004,TARGET,POS-008,COMP-017,4,3,1,1,MEDIUM,MEDIUM,NO_VERIFIED_COURSE,"[""ROLE-008""]","[""ACT-012""]",DERIVED,DERIVED,SRC-PROJECT,2026-09-06T14:52:00Z,2026-09-06T14:52:00Z
GAP-USR-004-TARGET-COMP-018,USR-004,TARGET,POS-008,COMP-018,4,3,1,1,MEDIUM,MEDIUM,NO_VERIFIED_COURSE,"[""ROLE-008""]","[""ACT-012""]",DERIVED,DERIVED,SRC-PROJECT,2026-09-06T14:52:00Z,2026-09-06T14:52:00Z
GAP-USR-005-CURRENT-COMP-005,USR-005,CURRENT,POS-011,COMP-005,3,3,0,0,NO_GAP,NO_GAP,NOT_NEEDED,"[""ROLE-006""]","[""ACT-010""]",DERIVED,DERIVED,SRC-PROJECT,2026-09-06T14:52:00Z,2026-09-06T14:52:00Z
GAP-USR-005-CURRENT-COMP-011,USR-005,CURRENT,POS-011,COMP-011,3,3,0,0,NO_GAP,NO_GAP,NOT_NEEDED,"[""ROLE-006""]","[""ACT-009""]",DERIVED,DERIVED,SRC-PROJECT,2026-09-06T14:52:00Z,2026-09-06T14:52:00Z
GAP-USR-005-CURRENT-COMP-013,USR-005,CURRENT,POS-011,COMP-013,4,2,2,2,HIGH,HIGH,VERIFIED_DESTINATION_DEMO_MAPPING,"[""ROLE-006""]","[""ACT-009"", ""ACT-010""]",DERIVED,DERIVED,SRC-PROJECT,2026-09-06T14:52:00Z,2026-09-06T14:52:00Z
GAP-USR-005-CURRENT-COMP-014,USR-005,CURRENT,POS-011,COMP-014,4,3,1,1,MEDIUM,MEDIUM,NO_VERIFIED_COURSE,"[""ROLE-006""]","[""ACT-009""]",DERIVED,DERIVED,SRC-PROJECT,2026-09-06T14:52:00Z,2026-09-06T14:52:00Z
GAP-USR-005-CURRENT-COMP-015,USR-005,CURRENT,POS-011,COMP-015,4,3,1,1,MEDIUM,MEDIUM,NO_VERIFIED_COURSE,"[""ROLE-006""]","[""ACT-010""]",DERIVED,DERIVED,SRC-PROJECT,2026-09-06T14:52:00Z,2026-09-06T14:52:00Z
GAP-USR-005-TARGET-COMP-003,USR-005,TARGET,POS-012,COMP-003,4,4,0,0,NO_GAP,NO_GAP,NOT_NEEDED,"[""ROLE-008""]","[""ACT-013""]",DERIVED,DERIVED,SRC-PROJECT,2026-09-06T14:52:00Z,2026-09-06T14:52:00Z
GAP-USR-005-TARGET-COMP-005,USR-005,TARGET,POS-012,COMP-005,3,3,0,0,NO_GAP,NO_GAP,NOT_NEEDED,"[""ROLE-006""]","[""ACT-010""]",DERIVED,DERIVED,SRC-PROJECT,2026-09-06T14:52:00Z,2026-09-06T14:52:00Z
GAP-USR-005-TARGET-COMP-009,USR-005,TARGET,POS-012,COMP-009,4,4,0,0,NO_GAP,NO_GAP,NOT_NEEDED,"[""ROLE-008""]","[""ACT-013""]",DERIVED,DERIVED,SRC-PROJECT,2026-09-06T14:52:00Z,2026-09-06T14:52:00Z
GAP-USR-005-TARGET-COMP-011,USR-005,TARGET,POS-012,COMP-011,3,3,0,0,NO_GAP,NO_GAP,NOT_NEEDED,"[""ROLE-006""]","[""ACT-009""]",DERIVED,DERIVED,SRC-PROJECT,2026-09-06T14:52:00Z,2026-09-06T14:52:00Z
GAP-USR-005-TARGET-COMP-013,USR-005,TARGET,POS-012,COMP-013,4,2,2,2,HIGH,HIGH,VERIFIED_DESTINATION_DEMO_MAPPING,"[""ROLE-006""]","[""ACT-009"", ""ACT-010""]",DERIVED,DERIVED,SRC-PROJECT,2026-09-06T14:52:00Z,2026-09-06T14:52:00Z
GAP-USR-005-TARGET-COMP-014,USR-005,TARGET,POS-012,COMP-014,4,3,1,1,MEDIUM,MEDIUM,NO_VERIFIED_COURSE,"[""ROLE-006"", ""ROLE-008""]","[""ACT-009"", ""ACT-013""]",DERIVED,DERIVED,SRC-PROJECT,2026-09-06T14:52:00Z,2026-09-06T14:52:00Z
GAP-USR-005-TARGET-COMP-015,USR-005,TARGET,POS-012,COMP-015,4,3,1,1,MEDIUM,MEDIUM,NO_VERIFIED_COURSE,"[""ROLE-006""]","[""ACT-010""]",DERIVED,DERIVED,SRC-PROJECT,2026-09-06T14:52:00Z,2026-09-06T14:52:00Z
GAP-USR-005-TARGET-COMP-016,USR-005,TARGET,POS-012,COMP-016,4,3,1,1,MEDIUM,MEDIUM,NO_VERIFIED_COURSE,"[""ROLE-008""]","[""ACT-012""]",DERIVED,DERIVED,SRC-PROJECT,2026-09-06T14:52:00Z,2026-09-06T14:52:00Z
GAP-USR-005-TARGET-COMP-017,USR-005,TARGET,POS-012,COMP-017,4,3,1,1,MEDIUM,MEDIUM,NO_VERIFIED_COURSE,"[""ROLE-008""]","[""ACT-012""]",DERIVED,DERIVED,SRC-PROJECT,2026-09-06T14:52:00Z,2026-09-06T14:52:00Z
GAP-USR-005-TARGET-COMP-018,USR-005,TARGET,POS-012,COMP-018,4,3,1,1,MEDIUM,MEDIUM,NO_VERIFIED_COURSE,"[""ROLE-008""]","[""ACT-012""]",DERIVED,DERIVED,SRC-PROJECT,2026-09-06T14:52:00Z,2026-09-06T14:52:00Z
GAP-USR-006-CURRENT-COMP-009,USR-006,CURRENT,POS-009,COMP-009,4,4,0,0,NO_GAP,NO_GAP,NOT_NEEDED,"[""ROLE-005""]","[""ACT-008""]",DERIVED,DERIVED,SRC-PROJECT,2026-09-06T14:52:00Z,2026-09-06T14:52:00Z
GAP-USR-006-CURRENT-COMP-011,USR-006,CURRENT,POS-009,COMP-011,3,,,,INSUFFICIENT_EVIDENCE,DIAGNOSTIC_REQUIRED,ASSESSMENT_REQUIRED,"[""ROLE-005""]","[""ACT-008""]",DERIVED,DERIVED,SRC-PROJECT,2026-09-06T14:52:00Z,2026-09-06T14:52:00Z
GAP-USR-006-CURRENT-COMP-SAMPLING,USR-006,CURRENT,POS-009,COMP-SAMPLING,4,3,1,1,MEDIUM,MEDIUM,NO_VERIFIED_COURSE,"[""ROLE-005""]","[""ACT-008""]",DERIVED,DERIVED,SRC-PROJECT,2026-09-06T14:52:00Z,2026-09-06T14:52:00Z
GAP-USR-006-TARGET-COMP-009,USR-006,TARGET,POS-010,COMP-009,4,4,0,0,NO_GAP,NO_GAP,NOT_NEEDED,"[""ROLE-005""]","[""ACT-008""]",DERIVED,DERIVED,SRC-PROJECT,2026-09-06T14:52:00Z,2026-09-06T14:52:00Z
GAP-USR-006-TARGET-COMP-011,USR-006,TARGET,POS-010,COMP-011,3,,,,INSUFFICIENT_EVIDENCE,DIAGNOSTIC_REQUIRED,ASSESSMENT_REQUIRED,"[""ROLE-005""]","[""ACT-008""]",DERIVED,DERIVED,SRC-PROJECT,2026-09-06T14:52:00Z,2026-09-06T14:52:00Z
GAP-USR-006-TARGET-COMP-SAMPLING,USR-006,TARGET,POS-010,COMP-SAMPLING,4,3,1,1,MEDIUM,MEDIUM,NO_VERIFIED_COURSE,"[""ROLE-005""]","[""ACT-008""]",DERIVED,DERIVED,SRC-PROJECT,2026-09-06T14:52:00Z,2026-09-06T14:52:00Z
GAP-USR-007-CURRENT-COMP-002,USR-007,CURRENT,POS-002,COMP-002,3,3,0,0,NO_GAP,NO_GAP,NOT_NEEDED,"[""ROLE-001""]","[""ACT-001"", ""ACT-002"", ""ACT-003""]",DERIVED,DERIVED,SRC-PROJECT,2026-09-06T14:52:00Z,2026-09-06T14:52:00Z
GAP-USR-007-CURRENT-COMP-003,USR-007,CURRENT,POS-002,COMP-003,3,3,0,0,NO_GAP,NO_GAP,NOT_NEEDED,"[""ROLE-001""]","[""ACT-001""]",DERIVED,DERIVED,SRC-PROJECT,2026-09-06T14:52:00Z,2026-09-06T14:52:00Z
GAP-USR-007-CURRENT-COMP-004,USR-007,CURRENT,POS-002,COMP-004,3,3,0,0,NO_GAP,NO_GAP,NOT_NEEDED,"[""ROLE-001""]","[""ACT-002""]",DERIVED,DERIVED,SRC-PROJECT,2026-09-06T14:52:00Z,2026-09-06T14:52:00Z
GAP-USR-007-CURRENT-COMP-005,USR-007,CURRENT,POS-002,COMP-005,4,4,0,0,NO_GAP,NO_GAP,NOT_NEEDED,"[""ROLE-001"", ""ROLE-007""]","[""ACT-002"", ""ACT-011""]",DERIVED,DERIVED,SRC-PROJECT,2026-09-06T14:52:00Z,2026-09-06T14:52:00Z
GAP-USR-007-CURRENT-COMP-006,USR-007,CURRENT,POS-002,COMP-006,3,3,0,0,NO_GAP,NO_GAP,NOT_NEEDED,"[""ROLE-001""]","[""ACT-003""]",DERIVED,DERIVED,SRC-PROJECT,2026-09-06T14:52:00Z,2026-09-06T14:52:00Z
GAP-USR-007-CURRENT-COMP-007,USR-007,CURRENT,POS-002,COMP-007,3,3,0,0,NO_GAP,NO_GAP,NOT_NEEDED,"[""ROLE-001""]","[""ACT-003""]",DERIVED,DERIVED,SRC-PROJECT,2026-09-06T14:52:00Z,2026-09-06T14:52:00Z
GAP-USR-007-CURRENT-COMP-016,USR-007,CURRENT,POS-002,COMP-016,3,3,0,0,NO_GAP,NO_GAP,NOT_NEEDED,"[""ROLE-007""]","[""ACT-011""]",DERIVED,DERIVED,SRC-PROJECT,2026-09-06T14:52:00Z,2026-09-06T14:52:00Z
GAP-USR-007-CURRENT-COMP-017,USR-007,CURRENT,POS-002,COMP-017,3,3,0,0,NO_GAP,NO_GAP,NOT_NEEDED,"[""ROLE-007""]","[""ACT-011""]",DERIVED,DERIVED,SRC-PROJECT,2026-09-06T14:52:00Z,2026-09-06T14:52:00Z
GAP-USR-007-CURRENT-COMP-SAMPLING,USR-007,CURRENT,POS-002,COMP-SAMPLING,4,4,0,0,NO_GAP,NO_GAP,NOT_NEEDED,"[""ROLE-001"", ""ROLE-007""]","[""ACT-001"", ""ACT-011""]",DERIVED,DERIVED,SRC-PROJECT,2026-09-06T14:52:00Z,2026-09-06T14:52:00Z
GAP-USR-007-TARGET-COMP-002,USR-007,TARGET,POS-013,COMP-002,3,3,0,0,NO_GAP,NO_GAP,NOT_NEEDED,"[""ROLE-001""]","[""ACT-001"", ""ACT-002"", ""ACT-003""]",DERIVED,DERIVED,SRC-PROJECT,2026-09-06T14:52:00Z,2026-09-06T14:52:00Z
GAP-USR-007-TARGET-COMP-003,USR-007,TARGET,POS-013,COMP-003,4,3,1,1,MEDIUM,MEDIUM,NO_VERIFIED_COURSE,"[""ROLE-001"", ""ROLE-008""]","[""ACT-001"", ""ACT-013""]",DERIVED,DERIVED,SRC-PROJECT,2026-09-06T14:52:00Z,2026-09-06T14:52:00Z
GAP-USR-007-TARGET-COMP-004,USR-007,TARGET,POS-013,COMP-004,3,3,0,0,NO_GAP,NO_GAP,NOT_NEEDED,"[""ROLE-001""]","[""ACT-002""]",DERIVED,DERIVED,SRC-PROJECT,2026-09-06T14:52:00Z,2026-09-06T14:52:00Z
GAP-USR-007-TARGET-COMP-005,USR-007,TARGET,POS-013,COMP-005,4,4,0,0,NO_GAP,NO_GAP,NOT_NEEDED,"[""ROLE-001"", ""ROLE-007""]","[""ACT-002"", ""ACT-011""]",DERIVED,DERIVED,SRC-PROJECT,2026-09-06T14:52:00Z,2026-09-06T14:52:00Z
GAP-USR-007-TARGET-COMP-006,USR-007,TARGET,POS-013,COMP-006,3,3,0,0,NO_GAP,NO_GAP,NOT_NEEDED,"[""ROLE-001""]","[""ACT-003""]",DERIVED,DERIVED,SRC-PROJECT,2026-09-06T14:52:00Z,2026-09-06T14:52:00Z
GAP-USR-007-TARGET-COMP-007,USR-007,TARGET,POS-013,COMP-007,3,3,0,0,NO_GAP,NO_GAP,NOT_NEEDED,"[""ROLE-001""]","[""ACT-003""]",DERIVED,DERIVED,SRC-PROJECT,2026-09-06T14:52:00Z,2026-09-06T14:52:00Z
GAP-USR-007-TARGET-COMP-009,USR-007,TARGET,POS-013,COMP-009,4,3,1,1,MEDIUM,MEDIUM,NO_VERIFIED_COURSE,"[""ROLE-008""]","[""ACT-013""]",DERIVED,DERIVED,SRC-PROJECT,2026-09-06T14:52:00Z,2026-09-06T14:52:00Z
GAP-USR-007-TARGET-COMP-014,USR-007,TARGET,POS-013,COMP-014,4,2,2,2,HIGH,HIGH,NO_VERIFIED_COURSE,"[""ROLE-008""]","[""ACT-013""]",DERIVED,DERIVED,SRC-PROJECT,2026-09-06T14:52:00Z,2026-09-06T14:52:00Z
GAP-USR-007-TARGET-COMP-016,USR-007,TARGET,POS-013,COMP-016,4,3,1,1,MEDIUM,MEDIUM,NO_VERIFIED_COURSE,"[""ROLE-007"", ""ROLE-008""]","[""ACT-011"", ""ACT-012""]",DERIVED,DERIVED,SRC-PROJECT,2026-09-06T14:52:00Z,2026-09-06T14:52:00Z
GAP-USR-007-TARGET-COMP-017,USR-007,TARGET,POS-013,COMP-017,4,3,1,1,MEDIUM,MEDIUM,NO_VERIFIED_COURSE,"[""ROLE-007"", ""ROLE-008""]","[""ACT-011"", ""ACT-012""]",DERIVED,DERIVED,SRC-PROJECT,2026-09-06T14:52:00Z,2026-09-06T14:52:00Z
GAP-USR-007-TARGET-COMP-018,USR-007,TARGET,POS-013,COMP-018,4,2,2,2,HIGH,HIGH,NO_VERIFIED_COURSE,"[""ROLE-008""]","[""ACT-012""]",DERIVED,DERIVED,SRC-PROJECT,2026-09-06T14:52:00Z,2026-09-06T14:52:00Z
GAP-USR-007-TARGET-COMP-SAMPLING,USR-007,TARGET,POS-013,COMP-SAMPLING,4,4,0,0,NO_GAP,NO_GAP,NOT_NEEDED,"[""ROLE-001"", ""ROLE-007""]","[""ACT-001"", ""ACT-011""]",DERIVED,DERIVED,SRC-PROJECT,2026-09-06T14:52:00Z,2026-09-06T14:52:00Z
GAP-USR-008-CURRENT-COMP-003,USR-008,CURRENT,POS-012,COMP-003,4,4,0,0,NO_GAP,NO_GAP,NOT_NEEDED,"[""ROLE-008""]","[""ACT-013""]",DERIVED,DERIVED,SRC-PROJECT,2026-09-06T14:52:00Z,2026-09-06T14:52:00Z
GAP-USR-008-CURRENT-COMP-005,USR-008,CURRENT,POS-012,COMP-005,3,4,-1,0,NO_GAP,NO_GAP,NOT_NEEDED,"[""ROLE-006""]","[""ACT-010""]",DERIVED,DERIVED,SRC-PROJECT,2026-09-06T14:52:00Z,2026-09-06T14:52:00Z
GAP-USR-008-CURRENT-COMP-009,USR-008,CURRENT,POS-012,COMP-009,4,4,0,0,NO_GAP,NO_GAP,NOT_NEEDED,"[""ROLE-008""]","[""ACT-013""]",DERIVED,DERIVED,SRC-PROJECT,2026-09-06T14:52:00Z,2026-09-06T14:52:00Z
GAP-USR-008-CURRENT-COMP-011,USR-008,CURRENT,POS-012,COMP-011,3,4,-1,0,NO_GAP,NO_GAP,NOT_NEEDED,"[""ROLE-006""]","[""ACT-009""]",DERIVED,DERIVED,SRC-PROJECT,2026-09-06T14:52:00Z,2026-09-06T14:52:00Z
GAP-USR-008-CURRENT-COMP-013,USR-008,CURRENT,POS-012,COMP-013,4,4,0,0,NO_GAP,NO_GAP,NOT_NEEDED,"[""ROLE-006""]","[""ACT-009"", ""ACT-010""]",DERIVED,DERIVED,SRC-PROJECT,2026-09-06T14:52:00Z,2026-09-06T14:52:00Z
GAP-USR-008-CURRENT-COMP-014,USR-008,CURRENT,POS-012,COMP-014,4,4,0,0,NO_GAP,NO_GAP,NOT_NEEDED,"[""ROLE-006"", ""ROLE-008""]","[""ACT-009"", ""ACT-013""]",DERIVED,DERIVED,SRC-PROJECT,2026-09-06T14:52:00Z,2026-09-06T14:52:00Z
GAP-USR-008-CURRENT-COMP-015,USR-008,CURRENT,POS-012,COMP-015,4,4,0,0,NO_GAP,NO_GAP,NOT_NEEDED,"[""ROLE-006""]","[""ACT-010""]",DERIVED,DERIVED,SRC-PROJECT,2026-09-06T14:52:00Z,2026-09-06T14:52:00Z
GAP-USR-008-CURRENT-COMP-016,USR-008,CURRENT,POS-012,COMP-016,4,4,0,0,NO_GAP,NO_GAP,NOT_NEEDED,"[""ROLE-008""]","[""ACT-012""]",DERIVED,DERIVED,SRC-PROJECT,2026-09-06T14:52:00Z,2026-09-06T14:52:00Z
GAP-USR-008-CURRENT-COMP-017,USR-008,CURRENT,POS-012,COMP-017,4,3,1,1,MEDIUM,MEDIUM,NO_VERIFIED_COURSE,"[""ROLE-008""]","[""ACT-012""]",DERIVED,DERIVED,SRC-PROJECT,2026-09-06T14:52:00Z,2026-09-06T14:52:00Z
GAP-USR-008-CURRENT-COMP-018,USR-008,CURRENT,POS-012,COMP-018,4,4,0,0,NO_GAP,NO_GAP,NOT_NEEDED,"[""ROLE-008""]","[""ACT-012""]",DERIVED,DERIVED,SRC-PROJECT,2026-09-06T14:52:00Z,2026-09-06T14:52:00Z
GAP-USR-008-TARGET-COMP-003,USR-008,TARGET,POS-014,COMP-003,4,4,0,0,NO_GAP,NO_GAP,NOT_NEEDED,"[""ROLE-008""]","[""ACT-013""]",DERIVED,DERIVED,SRC-PROJECT,2026-09-06T14:52:00Z,2026-09-06T14:52:00Z
GAP-USR-008-TARGET-COMP-005,USR-008,TARGET,POS-014,COMP-005,3,4,-1,0,NO_GAP,NO_GAP,NOT_NEEDED,"[""ROLE-006""]","[""ACT-010""]",DERIVED,DERIVED,SRC-PROJECT,2026-09-06T14:52:00Z,2026-09-06T14:52:00Z
GAP-USR-008-TARGET-COMP-009,USR-008,TARGET,POS-014,COMP-009,4,4,0,0,NO_GAP,NO_GAP,NOT_NEEDED,"[""ROLE-008""]","[""ACT-013""]",DERIVED,DERIVED,SRC-PROJECT,2026-09-06T14:52:00Z,2026-09-06T14:52:00Z
GAP-USR-008-TARGET-COMP-011,USR-008,TARGET,POS-014,COMP-011,3,4,-1,0,NO_GAP,NO_GAP,NOT_NEEDED,"[""ROLE-006""]","[""ACT-009""]",DERIVED,DERIVED,SRC-PROJECT,2026-09-06T14:52:00Z,2026-09-06T14:52:00Z
GAP-USR-008-TARGET-COMP-013,USR-008,TARGET,POS-014,COMP-013,4,4,0,0,NO_GAP,NO_GAP,NOT_NEEDED,"[""ROLE-006""]","[""ACT-009"", ""ACT-010""]",DERIVED,DERIVED,SRC-PROJECT,2026-09-06T14:52:00Z,2026-09-06T14:52:00Z
GAP-USR-008-TARGET-COMP-014,USR-008,TARGET,POS-014,COMP-014,4,4,0,0,NO_GAP,NO_GAP,NOT_NEEDED,"[""ROLE-006"", ""ROLE-008""]","[""ACT-009"", ""ACT-013""]",DERIVED,DERIVED,SRC-PROJECT,2026-09-06T14:52:00Z,2026-09-06T14:52:00Z
GAP-USR-008-TARGET-COMP-015,USR-008,TARGET,POS-014,COMP-015,4,4,0,0,NO_GAP,NO_GAP,NOT_NEEDED,"[""ROLE-006""]","[""ACT-010""]",DERIVED,DERIVED,SRC-PROJECT,2026-09-06T14:52:00Z,2026-09-06T14:52:00Z
GAP-USR-008-TARGET-COMP-016,USR-008,TARGET,POS-014,COMP-016,4,4,0,0,NO_GAP,NO_GAP,NOT_NEEDED,"[""ROLE-008""]","[""ACT-012""]",DERIVED,DERIVED,SRC-PROJECT,2026-09-06T14:52:00Z,2026-09-06T14:52:00Z
GAP-USR-008-TARGET-COMP-017,USR-008,TARGET,POS-014,COMP-017,4,3,1,1,MEDIUM,MEDIUM,NO_VERIFIED_COURSE,"[""ROLE-008""]","[""ACT-012""]",DERIVED,DERIVED,SRC-PROJECT,2026-09-06T14:52:00Z,2026-09-06T14:52:00Z
GAP-USR-008-TARGET-COMP-018,USR-008,TARGET,POS-014,COMP-018,4,4,0,0,NO_GAP,NO_GAP,NOT_NEEDED,"[""ROLE-008""]","[""ACT-012""]",DERIVED,DERIVED,SRC-PROJECT,2026-09-06T14:52:00Z,2026-09-06T14:52:00Z
GAP-USR-009-CURRENT-COMP-002,USR-009,CURRENT,POS-001,COMP-002,3,3,0,0,NO_GAP,NO_GAP,NOT_NEEDED,"[""ROLE-001""]","[""ACT-001"", ""ACT-002"", ""ACT-003""]",DERIVED,DERIVED,SRC-PROJECT,2026-09-06T14:52:00Z,2026-09-06T14:52:00Z
GAP-USR-009-CURRENT-COMP-003,USR-009,CURRENT,POS-001,COMP-003,3,3,0,0,NO_GAP,NO_GAP,NOT_NEEDED,"[""ROLE-001""]","[""ACT-001""]",DERIVED,DERIVED,SRC-PROJECT,2026-09-06T14:52:00Z,2026-09-06T14:52:00Z
GAP-USR-009-CURRENT-COMP-004,USR-009,CURRENT,POS-001,COMP-004,3,4,-1,0,NO_GAP,NO_GAP,NOT_NEEDED,"[""ROLE-001""]","[""ACT-002""]",DERIVED,DERIVED,SRC-PROJECT,2026-09-06T14:52:00Z,2026-09-06T14:52:00Z
GAP-USR-009-CURRENT-COMP-005,USR-009,CURRENT,POS-001,COMP-005,3,4,-1,0,NO_GAP,NO_GAP,NOT_NEEDED,"[""ROLE-001""]","[""ACT-002""]",DERIVED,DERIVED,SRC-PROJECT,2026-09-06T14:52:00Z,2026-09-06T14:52:00Z
GAP-USR-009-CURRENT-COMP-006,USR-009,CURRENT,POS-001,COMP-006,3,,,,INSUFFICIENT_EVIDENCE,DIAGNOSTIC_REQUIRED,ASSESSMENT_REQUIRED,"[""ROLE-001""]","[""ACT-003""]",DERIVED,DERIVED,SRC-PROJECT,2026-09-06T14:52:00Z,2026-09-06T14:52:00Z
GAP-USR-009-CURRENT-COMP-007,USR-009,CURRENT,POS-001,COMP-007,3,,,,INSUFFICIENT_EVIDENCE,DIAGNOSTIC_REQUIRED,ASSESSMENT_REQUIRED,"[""ROLE-001""]","[""ACT-003""]",DERIVED,DERIVED,SRC-PROJECT,2026-09-06T14:52:00Z,2026-09-06T14:52:00Z
GAP-USR-009-CURRENT-COMP-SAMPLING,USR-009,CURRENT,POS-001,COMP-SAMPLING,3,3,0,0,NO_GAP,NO_GAP,NOT_NEEDED,"[""ROLE-001""]","[""ACT-001""]",DERIVED,DERIVED,SRC-PROJECT,2026-09-06T14:52:00Z,2026-09-06T14:52:00Z
GAP-USR-009-TARGET-COMP-002,USR-009,TARGET,POS-002,COMP-002,3,3,0,0,NO_GAP,NO_GAP,NOT_NEEDED,"[""ROLE-001""]","[""ACT-001"", ""ACT-002"", ""ACT-003""]",DERIVED,DERIVED,SRC-PROJECT,2026-09-06T14:52:00Z,2026-09-06T14:52:00Z
GAP-USR-009-TARGET-COMP-003,USR-009,TARGET,POS-002,COMP-003,3,3,0,0,NO_GAP,NO_GAP,NOT_NEEDED,"[""ROLE-001""]","[""ACT-001""]",DERIVED,DERIVED,SRC-PROJECT,2026-09-06T14:52:00Z,2026-09-06T14:52:00Z
GAP-USR-009-TARGET-COMP-004,USR-009,TARGET,POS-002,COMP-004,3,4,-1,0,NO_GAP,NO_GAP,NOT_NEEDED,"[""ROLE-001""]","[""ACT-002""]",DERIVED,DERIVED,SRC-PROJECT,2026-09-06T14:52:00Z,2026-09-06T14:52:00Z
GAP-USR-009-TARGET-COMP-005,USR-009,TARGET,POS-002,COMP-005,4,4,0,0,NO_GAP,NO_GAP,NOT_NEEDED,"[""ROLE-001"", ""ROLE-007""]","[""ACT-002"", ""ACT-011""]",DERIVED,DERIVED,SRC-PROJECT,2026-09-06T14:52:00Z,2026-09-06T14:52:00Z
GAP-USR-009-TARGET-COMP-006,USR-009,TARGET,POS-002,COMP-006,3,,,,INSUFFICIENT_EVIDENCE,DIAGNOSTIC_REQUIRED,ASSESSMENT_REQUIRED,"[""ROLE-001""]","[""ACT-003""]",DERIVED,DERIVED,SRC-PROJECT,2026-09-06T14:52:00Z,2026-09-06T14:52:00Z
GAP-USR-009-TARGET-COMP-007,USR-009,TARGET,POS-002,COMP-007,3,,,,INSUFFICIENT_EVIDENCE,DIAGNOSTIC_REQUIRED,ASSESSMENT_REQUIRED,"[""ROLE-001""]","[""ACT-003""]",DERIVED,DERIVED,SRC-PROJECT,2026-09-06T14:52:00Z,2026-09-06T14:52:00Z
GAP-USR-009-TARGET-COMP-016,USR-009,TARGET,POS-002,COMP-016,3,3,0,0,NO_GAP,NO_GAP,NOT_NEEDED,"[""ROLE-007""]","[""ACT-011""]",DERIVED,DERIVED,SRC-PROJECT,2026-09-06T14:52:00Z,2026-09-06T14:52:00Z
GAP-USR-009-TARGET-COMP-017,USR-009,TARGET,POS-002,COMP-017,3,3,0,0,NO_GAP,NO_GAP,NOT_NEEDED,"[""ROLE-007""]","[""ACT-011""]",DERIVED,DERIVED,SRC-PROJECT,2026-09-06T14:52:00Z,2026-09-06T14:52:00Z
GAP-USR-009-TARGET-COMP-SAMPLING,USR-009,TARGET,POS-002,COMP-SAMPLING,4,3,1,1,MEDIUM,MEDIUM,NO_VERIFIED_COURSE,"[""ROLE-001"", ""ROLE-007""]","[""ACT-001"", ""ACT-011""]",DERIVED,DERIVED,SRC-PROJECT,2026-09-06T14:52:00Z,2026-09-06T14:52:00Z
GAP-USR-010-CURRENT-COMP-003,USR-010,CURRENT,POS-012,COMP-003,4,4,0,0,NO_GAP,NO_GAP,NOT_NEEDED,"[""ROLE-008""]","[""ACT-013""]",DERIVED,DERIVED,SRC-PROJECT,2026-09-06T14:52:00Z,2026-09-06T14:52:00Z
GAP-USR-010-CURRENT-COMP-005,USR-010,CURRENT,POS-012,COMP-005,3,4,-1,0,NO_GAP,NO_GAP,NOT_NEEDED,"[""ROLE-006""]","[""ACT-010""]",DERIVED,DERIVED,SRC-PROJECT,2026-09-06T14:52:00Z,2026-09-06T14:52:00Z
GAP-USR-010-CURRENT-COMP-009,USR-010,CURRENT,POS-012,COMP-009,4,4,0,0,NO_GAP,NO_GAP,NOT_NEEDED,"[""ROLE-008""]","[""ACT-013""]",DERIVED,DERIVED,SRC-PROJECT,2026-09-06T14:52:00Z,2026-09-06T14:52:00Z
GAP-USR-010-CURRENT-COMP-011,USR-010,CURRENT,POS-012,COMP-011,3,4,-1,0,NO_GAP,NO_GAP,NOT_NEEDED,"[""ROLE-006""]","[""ACT-009""]",DERIVED,DERIVED,SRC-PROJECT,2026-09-06T14:52:00Z,2026-09-06T14:52:00Z
GAP-USR-010-CURRENT-COMP-013,USR-010,CURRENT,POS-012,COMP-013,4,4,0,0,NO_GAP,NO_GAP,NOT_NEEDED,"[""ROLE-006""]","[""ACT-009"", ""ACT-010""]",DERIVED,DERIVED,SRC-PROJECT,2026-09-06T14:52:00Z,2026-09-06T14:52:00Z
GAP-USR-010-CURRENT-COMP-014,USR-010,CURRENT,POS-012,COMP-014,4,4,0,0,NO_GAP,NO_GAP,NOT_NEEDED,"[""ROLE-006"", ""ROLE-008""]","[""ACT-009"", ""ACT-013""]",DERIVED,DERIVED,SRC-PROJECT,2026-09-06T14:52:00Z,2026-09-06T14:52:00Z
GAP-USR-010-CURRENT-COMP-015,USR-010,CURRENT,POS-012,COMP-015,4,5,-1,0,NO_GAP,NO_GAP,NOT_NEEDED,"[""ROLE-006""]","[""ACT-010""]",DERIVED,DERIVED,SRC-PROJECT,2026-09-06T14:52:00Z,2026-09-06T14:52:00Z
GAP-USR-010-CURRENT-COMP-016,USR-010,CURRENT,POS-012,COMP-016,4,4,0,0,NO_GAP,NO_GAP,NOT_NEEDED,"[""ROLE-008""]","[""ACT-012""]",DERIVED,DERIVED,SRC-PROJECT,2026-09-06T14:52:00Z,2026-09-06T14:52:00Z
GAP-USR-010-CURRENT-COMP-017,USR-010,CURRENT,POS-012,COMP-017,4,4,0,0,NO_GAP,NO_GAP,NOT_NEEDED,"[""ROLE-008""]","[""ACT-012""]",DERIVED,DERIVED,SRC-PROJECT,2026-09-06T14:52:00Z,2026-09-06T14:52:00Z
GAP-USR-010-CURRENT-COMP-018,USR-010,CURRENT,POS-012,COMP-018,4,4,0,0,NO_GAP,NO_GAP,NOT_NEEDED,"[""ROLE-008""]","[""ACT-012""]",DERIVED,DERIVED,SRC-PROJECT,2026-09-06T14:52:00Z,2026-09-06T14:52:00Z
GAP-USR-010-TARGET-COMP-003,USR-010,TARGET,POS-014,COMP-003,4,4,0,0,NO_GAP,NO_GAP,NOT_NEEDED,"[""ROLE-008""]","[""ACT-013""]",DERIVED,DERIVED,SRC-PROJECT,2026-09-06T14:52:00Z,2026-09-06T14:52:00Z
GAP-USR-010-TARGET-COMP-005,USR-010,TARGET,POS-014,COMP-005,3,4,-1,0,NO_GAP,NO_GAP,NOT_NEEDED,"[""ROLE-006""]","[""ACT-010""]",DERIVED,DERIVED,SRC-PROJECT,2026-09-06T14:52:00Z,2026-09-06T14:52:00Z
GAP-USR-010-TARGET-COMP-009,USR-010,TARGET,POS-014,COMP-009,4,4,0,0,NO_GAP,NO_GAP,NOT_NEEDED,"[""ROLE-008""]","[""ACT-013""]",DERIVED,DERIVED,SRC-PROJECT,2026-09-06T14:52:00Z,2026-09-06T14:52:00Z
GAP-USR-010-TARGET-COMP-011,USR-010,TARGET,POS-014,COMP-011,3,4,-1,0,NO_GAP,NO_GAP,NOT_NEEDED,"[""ROLE-006""]","[""ACT-009""]",DERIVED,DERIVED,SRC-PROJECT,2026-09-06T14:52:00Z,2026-09-06T14:52:00Z
GAP-USR-010-TARGET-COMP-013,USR-010,TARGET,POS-014,COMP-013,4,4,0,0,NO_GAP,NO_GAP,NOT_NEEDED,"[""ROLE-006""]","[""ACT-009"", ""ACT-010""]",DERIVED,DERIVED,SRC-PROJECT,2026-09-06T14:52:00Z,2026-09-06T14:52:00Z
GAP-USR-010-TARGET-COMP-014,USR-010,TARGET,POS-014,COMP-014,4,4,0,0,NO_GAP,NO_GAP,NOT_NEEDED,"[""ROLE-006"", ""ROLE-008""]","[""ACT-009"", ""ACT-013""]",DERIVED,DERIVED,SRC-PROJECT,2026-09-06T14:52:00Z,2026-09-06T14:52:00Z
GAP-USR-010-TARGET-COMP-015,USR-010,TARGET,POS-014,COMP-015,4,5,-1,0,NO_GAP,NO_GAP,NOT_NEEDED,"[""ROLE-006""]","[""ACT-010""]",DERIVED,DERIVED,SRC-PROJECT,2026-09-06T14:52:00Z,2026-09-06T14:52:00Z
GAP-USR-010-TARGET-COMP-016,USR-010,TARGET,POS-014,COMP-016,4,4,0,0,NO_GAP,NO_GAP,NOT_NEEDED,"[""ROLE-008""]","[""ACT-012""]",DERIVED,DERIVED,SRC-PROJECT,2026-09-06T14:52:00Z,2026-09-06T14:52:00Z
GAP-USR-010-TARGET-COMP-017,USR-010,TARGET,POS-014,COMP-017,4,4,0,0,NO_GAP,NO_GAP,NOT_NEEDED,"[""ROLE-008""]","[""ACT-012""]",DERIVED,DERIVED,SRC-PROJECT,2026-09-06T14:52:00Z,2026-09-06T14:52:00Z
GAP-USR-010-TARGET-COMP-018,USR-010,TARGET,POS-014,COMP-018,4,4,0,0,NO_GAP,NO_GAP,NOT_NEEDED,"[""ROLE-008""]","[""ACT-012""]",DERIVED,DERIVED,SRC-PROJECT,2026-09-06T14:52:00Z,2026-09-06T14:52:00Z
GAP-USR-011-CURRENT-COMP-005,USR-011,CURRENT,POS-015,COMP-005,3,3,0,0,NO_GAP,NO_GAP,NOT_NEEDED,"[""ROLE-009""]","[""ACT-016""]",DERIVED,DERIVED,SRC-PROJECT,2026-09-06T14:52:00Z,2026-09-06T14:52:00Z
GAP-USR-011-CURRENT-COMP-009,USR-011,CURRENT,POS-015,COMP-009,3,3,0,0,NO_GAP,NO_GAP,NOT_NEEDED,"[""ROLE-009""]","[""ACT-015""]",DERIVED,DERIVED,SRC-PROJECT,2026-09-06T14:52:00Z,2026-09-06T14:52:00Z
GAP-USR-011-CURRENT-COMP-019,USR-011,CURRENT,POS-015,COMP-019,4,2,2,2,HIGH,HIGH,NO_VERIFIED_COURSE,"[""ROLE-009""]","[""ACT-014"", ""ACT-015""]",DERIVED,DERIVED,SRC-PROJECT,2026-09-06T14:52:00Z,2026-09-06T14:52:00Z
GAP-USR-011-CURRENT-COMP-022,USR-011,CURRENT,POS-015,COMP-022,3,3,0,0,NO_GAP,NO_GAP,NOT_NEEDED,"[""ROLE-009""]","[""ACT-015""]",DERIVED,DERIVED,SRC-PROJECT,2026-09-06T14:52:00Z,2026-09-06T14:52:00Z
GAP-USR-011-CURRENT-COMP-023,USR-011,CURRENT,POS-015,COMP-023,3,2,1,1,MEDIUM,MEDIUM,NO_VERIFIED_COURSE,"[""ROLE-009""]","[""ACT-014""]",DERIVED,DERIVED,SRC-PROJECT,2026-09-06T14:52:00Z,2026-09-06T14:52:00Z
GAP-USR-011-CURRENT-COMP-024,USR-011,CURRENT,POS-015,COMP-024,3,3,0,0,NO_GAP,NO_GAP,NOT_NEEDED,"[""ROLE-009""]","[""ACT-016""]",DERIVED,DERIVED,SRC-PROJECT,2026-09-06T14:52:00Z,2026-09-06T14:52:00Z
GAP-USR-011-TARGET-COMP-003,USR-011,TARGET,POS-016,COMP-003,4,3,1,1,MEDIUM,MEDIUM,NO_VERIFIED_COURSE,"[""ROLE-008""]","[""ACT-013""]",DERIVED,DERIVED,SRC-PROJECT,2026-09-06T14:52:00Z,2026-09-06T14:52:00Z
GAP-USR-011-TARGET-COMP-005,USR-011,TARGET,POS-016,COMP-005,3,3,0,0,NO_GAP,NO_GAP,NOT_NEEDED,"[""ROLE-009""]","[""ACT-016""]",DERIVED,DERIVED,SRC-PROJECT,2026-09-06T14:52:00Z,2026-09-06T14:52:00Z
GAP-USR-011-TARGET-COMP-009,USR-011,TARGET,POS-016,COMP-009,4,3,1,1,MEDIUM,MEDIUM,NO_VERIFIED_COURSE,"[""ROLE-008"", ""ROLE-009""]","[""ACT-013"", ""ACT-015""]",DERIVED,DERIVED,SRC-PROJECT,2026-09-06T14:52:00Z,2026-09-06T14:52:00Z
GAP-USR-011-TARGET-COMP-014,USR-011,TARGET,POS-016,COMP-014,4,3,1,1,MEDIUM,MEDIUM,NO_VERIFIED_COURSE,"[""ROLE-008""]","[""ACT-013""]",DERIVED,DERIVED,SRC-PROJECT,2026-09-06T14:52:00Z,2026-09-06T14:52:00Z
GAP-USR-011-TARGET-COMP-016,USR-011,TARGET,POS-016,COMP-016,4,3,1,1,MEDIUM,MEDIUM,NO_VERIFIED_COURSE,"[""ROLE-008""]","[""ACT-012""]",DERIVED,DERIVED,SRC-PROJECT,2026-09-06T14:52:00Z,2026-09-06T14:52:00Z
GAP-USR-011-TARGET-COMP-017,USR-011,TARGET,POS-016,COMP-017,4,3,1,1,MEDIUM,MEDIUM,NO_VERIFIED_COURSE,"[""ROLE-008""]","[""ACT-012""]",DERIVED,DERIVED,SRC-PROJECT,2026-09-06T14:52:00Z,2026-09-06T14:52:00Z
GAP-USR-011-TARGET-COMP-018,USR-011,TARGET,POS-016,COMP-018,4,3,1,1,MEDIUM,MEDIUM,NO_VERIFIED_COURSE,"[""ROLE-008""]","[""ACT-012""]",DERIVED,DERIVED,SRC-PROJECT,2026-09-06T14:52:00Z,2026-09-06T14:52:00Z
GAP-USR-011-TARGET-COMP-019,USR-011,TARGET,POS-016,COMP-019,4,2,2,2,HIGH,HIGH,NO_VERIFIED_COURSE,"[""ROLE-009""]","[""ACT-014"", ""ACT-015""]",DERIVED,DERIVED,SRC-PROJECT,2026-09-06T14:52:00Z,2026-09-06T14:52:00Z
GAP-USR-011-TARGET-COMP-022,USR-011,TARGET,POS-016,COMP-022,3,3,0,0,NO_GAP,NO_GAP,NOT_NEEDED,"[""ROLE-009""]","[""ACT-015""]",DERIVED,DERIVED,SRC-PROJECT,2026-09-06T14:52:00Z,2026-09-06T14:52:00Z
GAP-USR-011-TARGET-COMP-023,USR-011,TARGET,POS-016,COMP-023,3,2,1,1,MEDIUM,MEDIUM,NO_VERIFIED_COURSE,"[""ROLE-009""]","[""ACT-014""]",DERIVED,DERIVED,SRC-PROJECT,2026-09-06T14:52:00Z,2026-09-06T14:52:00Z
GAP-USR-011-TARGET-COMP-024,USR-011,TARGET,POS-016,COMP-024,3,3,0,0,NO_GAP,NO_GAP,NOT_NEEDED,"[""ROLE-009""]","[""ACT-016""]",DERIVED,DERIVED,SRC-PROJECT,2026-09-06T14:52:00Z,2026-09-06T14:52:00Z
GAP-USR-012-CURRENT-COMP-004,USR-012,CURRENT,POS-017,COMP-004,3,2,1,1,MEDIUM,MEDIUM,NO_VERIFIED_COURSE,"[""ROLE-010""]","[""ACT-017""]",DERIVED,DERIVED,SRC-PROJECT,2026-09-06T14:52:00Z,2026-09-06T14:52:00Z
GAP-USR-012-CURRENT-COMP-005,USR-012,CURRENT,POS-017,COMP-005,3,3,0,0,NO_GAP,NO_GAP,NOT_NEEDED,"[""ROLE-010""]","[""ACT-019""]",DERIVED,DERIVED,SRC-PROJECT,2026-09-06T14:52:00Z,2026-09-06T14:52:00Z
GAP-USR-012-CURRENT-COMP-020,USR-012,CURRENT,POS-017,COMP-020,4,2,2,2,HIGH,HIGH,NO_VERIFIED_COURSE,"[""ROLE-010""]","[""ACT-017"", ""ACT-019""]",DERIVED,DERIVED,SRC-PROJECT,2026-09-06T14:52:00Z,2026-09-06T14:52:00Z
GAP-USR-012-CURRENT-COMP-022,USR-012,CURRENT,POS-017,COMP-022,3,3,0,0,NO_GAP,NO_GAP,NOT_NEEDED,"[""ROLE-010""]","[""ACT-017""]",DERIVED,DERIVED,SRC-PROJECT,2026-09-06T14:52:00Z,2026-09-06T14:52:00Z
GAP-USR-012-CURRENT-COMP-023,USR-012,CURRENT,POS-017,COMP-023,3,2,1,1,MEDIUM,MEDIUM,NO_VERIFIED_COURSE,"[""ROLE-010""]","[""ACT-018""]",DERIVED,DERIVED,SRC-PROJECT,2026-09-06T14:52:00Z,2026-09-06T14:52:00Z
GAP-USR-012-CURRENT-COMP-028,USR-012,CURRENT,POS-017,COMP-028,3,2,1,1,MEDIUM,MEDIUM,NO_VERIFIED_COURSE,"[""ROLE-010""]","[""ACT-019""]",DERIVED,DERIVED,SRC-PROJECT,2026-09-06T14:52:00Z,2026-09-06T14:52:00Z
GAP-USR-012-CURRENT-COMP-SAMPLING,USR-012,CURRENT,POS-017,COMP-SAMPLING,3,3,0,0,NO_GAP,NO_GAP,NOT_NEEDED,"[""ROLE-010""]","[""ACT-018""]",DERIVED,DERIVED,SRC-PROJECT,2026-09-06T14:52:00Z,2026-09-06T14:52:00Z
GAP-USR-012-TARGET-COMP-003,USR-012,TARGET,POS-018,COMP-003,4,3,1,1,MEDIUM,MEDIUM,NO_VERIFIED_COURSE,"[""ROLE-008""]","[""ACT-013""]",DERIVED,DERIVED,SRC-PROJECT,2026-09-06T14:52:00Z,2026-09-06T14:52:00Z
GAP-USR-012-TARGET-COMP-004,USR-012,TARGET,POS-018,COMP-004,3,2,1,1,MEDIUM,MEDIUM,NO_VERIFIED_COURSE,"[""ROLE-010""]","[""ACT-017""]",DERIVED,DERIVED,SRC-PROJECT,2026-09-06T14:52:00Z,2026-09-06T14:52:00Z
GAP-USR-012-TARGET-COMP-005,USR-012,TARGET,POS-018,COMP-005,3,3,0,0,NO_GAP,NO_GAP,NOT_NEEDED,"[""ROLE-010""]","[""ACT-019""]",DERIVED,DERIVED,SRC-PROJECT,2026-09-06T14:52:00Z,2026-09-06T14:52:00Z
GAP-USR-012-TARGET-COMP-009,USR-012,TARGET,POS-018,COMP-009,4,3,1,1,MEDIUM,MEDIUM,NO_VERIFIED_COURSE,"[""ROLE-008""]","[""ACT-013""]",DERIVED,DERIVED,SRC-PROJECT,2026-09-06T14:52:00Z,2026-09-06T14:52:00Z
GAP-USR-012-TARGET-COMP-014,USR-012,TARGET,POS-018,COMP-014,4,3,1,1,MEDIUM,MEDIUM,NO_VERIFIED_COURSE,"[""ROLE-008""]","[""ACT-013""]",DERIVED,DERIVED,SRC-PROJECT,2026-09-06T14:52:00Z,2026-09-06T14:52:00Z
GAP-USR-012-TARGET-COMP-016,USR-012,TARGET,POS-018,COMP-016,4,3,1,1,MEDIUM,MEDIUM,NO_VERIFIED_COURSE,"[""ROLE-008""]","[""ACT-012""]",DERIVED,DERIVED,SRC-PROJECT,2026-09-06T14:52:00Z,2026-09-06T14:52:00Z
GAP-USR-012-TARGET-COMP-017,USR-012,TARGET,POS-018,COMP-017,4,3,1,1,MEDIUM,MEDIUM,NO_VERIFIED_COURSE,"[""ROLE-008""]","[""ACT-012""]",DERIVED,DERIVED,SRC-PROJECT,2026-09-06T14:52:00Z,2026-09-06T14:52:00Z
GAP-USR-012-TARGET-COMP-018,USR-012,TARGET,POS-018,COMP-018,4,3,1,1,MEDIUM,MEDIUM,NO_VERIFIED_COURSE,"[""ROLE-008""]","[""ACT-012""]",DERIVED,DERIVED,SRC-PROJECT,2026-09-06T14:52:00Z,2026-09-06T14:52:00Z
GAP-USR-012-TARGET-COMP-020,USR-012,TARGET,POS-018,COMP-020,4,2,2,2,HIGH,HIGH,NO_VERIFIED_COURSE,"[""ROLE-010""]","[""ACT-017"", ""ACT-019""]",DERIVED,DERIVED,SRC-PROJECT,2026-09-06T14:52:00Z,2026-09-06T14:52:00Z
GAP-USR-012-TARGET-COMP-022,USR-012,TARGET,POS-018,COMP-022,3,3,0,0,NO_GAP,NO_GAP,NOT_NEEDED,"[""ROLE-010""]","[""ACT-017""]",DERIVED,DERIVED,SRC-PROJECT,2026-09-06T14:52:00Z,2026-09-06T14:52:00Z
GAP-USR-012-TARGET-COMP-023,USR-012,TARGET,POS-018,COMP-023,3,2,1,1,MEDIUM,MEDIUM,NO_VERIFIED_COURSE,"[""ROLE-010""]","[""ACT-018""]",DERIVED,DERIVED,SRC-PROJECT,2026-09-06T14:52:00Z,2026-09-06T14:52:00Z
GAP-USR-012-TARGET-COMP-028,USR-012,TARGET,POS-018,COMP-028,3,2,1,1,MEDIUM,MEDIUM,NO_VERIFIED_COURSE,"[""ROLE-010""]","[""ACT-019""]",DERIVED,DERIVED,SRC-PROJECT,2026-09-06T14:52:00Z,2026-09-06T14:52:00Z
GAP-USR-012-TARGET-COMP-SAMPLING,USR-012,TARGET,POS-018,COMP-SAMPLING,3,3,0,0,NO_GAP,NO_GAP,NOT_NEEDED,"[""ROLE-010""]","[""ACT-018""]",DERIVED,DERIVED,SRC-PROJECT,2026-09-06T14:52:00Z,2026-09-06T14:52:00Z
GAP-USR-013-CURRENT-COMP-009,USR-013,CURRENT,POS-019,COMP-009,3,3,0,0,NO_GAP,NO_GAP,NOT_NEEDED,"[""ROLE-011""]","[""ACT-020""]",DERIVED,DERIVED,SRC-PROJECT,2026-09-06T14:52:00Z,2026-09-06T14:52:00Z
GAP-USR-013-CURRENT-COMP-013,USR-013,CURRENT,POS-019,COMP-013,3,2,1,1,MEDIUM,MEDIUM,VERIFIED_DESTINATION_DEMO_MAPPING,"[""ROLE-011""]","[""ACT-021""]",DERIVED,DERIVED,SRC-PROJECT,2026-09-06T14:52:00Z,2026-09-06T14:52:00Z
GAP-USR-013-CURRENT-COMP-015,USR-013,CURRENT,POS-019,COMP-015,3,3,0,0,NO_GAP,NO_GAP,NOT_NEEDED,"[""ROLE-011""]","[""ACT-022""]",DERIVED,DERIVED,SRC-PROJECT,2026-09-06T14:52:00Z,2026-09-06T14:52:00Z
GAP-USR-013-CURRENT-COMP-021,USR-013,CURRENT,POS-019,COMP-021,4,2,2,2,HIGH,HIGH,NO_VERIFIED_COURSE,"[""ROLE-011""]","[""ACT-020""]",DERIVED,DERIVED,SRC-PROJECT,2026-09-06T14:52:00Z,2026-09-06T14:52:00Z
GAP-USR-013-CURRENT-COMP-022,USR-013,CURRENT,POS-019,COMP-022,4,3,1,1,MEDIUM,MEDIUM,NO_VERIFIED_COURSE,"[""ROLE-011""]","[""ACT-021""]",DERIVED,DERIVED,SRC-PROJECT,2026-09-06T14:52:00Z,2026-09-06T14:52:00Z
GAP-USR-013-CURRENT-COMP-024,USR-013,CURRENT,POS-019,COMP-024,4,2,2,2,HIGH,HIGH,NO_VERIFIED_COURSE,"[""ROLE-011""]","[""ACT-022""]",DERIVED,DERIVED,SRC-PROJECT,2026-09-06T14:52:00Z,2026-09-06T14:52:00Z
GAP-USR-013-CURRENT-COMP-028,USR-013,CURRENT,POS-019,COMP-028,3,2,1,1,MEDIUM,MEDIUM,NO_VERIFIED_COURSE,"[""ROLE-011""]","[""ACT-022""]",DERIVED,DERIVED,SRC-PROJECT,2026-09-06T14:52:00Z,2026-09-06T14:52:00Z
GAP-USR-013-TARGET-COMP-003,USR-013,TARGET,POS-020,COMP-003,4,3,1,1,MEDIUM,MEDIUM,NO_VERIFIED_COURSE,"[""ROLE-008""]","[""ACT-013""]",DERIVED,DERIVED,SRC-PROJECT,2026-09-06T14:52:00Z,2026-09-06T14:52:00Z
GAP-USR-013-TARGET-COMP-009,USR-013,TARGET,POS-020,COMP-009,4,3,1,1,MEDIUM,MEDIUM,NO_VERIFIED_COURSE,"[""ROLE-008"", ""ROLE-011""]","[""ACT-013"", ""ACT-020""]",DERIVED,DERIVED,SRC-PROJECT,2026-09-06T14:52:00Z,2026-09-06T14:52:00Z
GAP-USR-013-TARGET-COMP-013,USR-013,TARGET,POS-020,COMP-013,3,2,1,1,MEDIUM,MEDIUM,VERIFIED_DESTINATION_DEMO_MAPPING,"[""ROLE-011""]","[""ACT-021""]",DERIVED,DERIVED,SRC-PROJECT,2026-09-06T14:52:00Z,2026-09-06T14:52:00Z
GAP-USR-013-TARGET-COMP-014,USR-013,TARGET,POS-020,COMP-014,4,3,1,1,MEDIUM,MEDIUM,NO_VERIFIED_COURSE,"[""ROLE-008""]","[""ACT-013""]",DERIVED,DERIVED,SRC-PROJECT,2026-09-06T14:52:00Z,2026-09-06T14:52:00Z
GAP-USR-013-TARGET-COMP-015,USR-013,TARGET,POS-020,COMP-015,3,3,0,0,NO_GAP,NO_GAP,NOT_NEEDED,"[""ROLE-011""]","[""ACT-022""]",DERIVED,DERIVED,SRC-PROJECT,2026-09-06T14:52:00Z,2026-09-06T14:52:00Z
GAP-USR-013-TARGET-COMP-016,USR-013,TARGET,POS-020,COMP-016,4,3,1,1,MEDIUM,MEDIUM,NO_VERIFIED_COURSE,"[""ROLE-008""]","[""ACT-012""]",DERIVED,DERIVED,SRC-PROJECT,2026-09-06T14:52:00Z,2026-09-06T14:52:00Z
GAP-USR-013-TARGET-COMP-017,USR-013,TARGET,POS-020,COMP-017,4,3,1,1,MEDIUM,MEDIUM,NO_VERIFIED_COURSE,"[""ROLE-008""]","[""ACT-012""]",DERIVED,DERIVED,SRC-PROJECT,2026-09-06T14:52:00Z,2026-09-06T14:52:00Z
GAP-USR-013-TARGET-COMP-018,USR-013,TARGET,POS-020,COMP-018,4,3,1,1,MEDIUM,MEDIUM,NO_VERIFIED_COURSE,"[""ROLE-008""]","[""ACT-012""]",DERIVED,DERIVED,SRC-PROJECT,2026-09-06T14:52:00Z,2026-09-06T14:52:00Z
GAP-USR-013-TARGET-COMP-021,USR-013,TARGET,POS-020,COMP-021,4,2,2,2,HIGH,HIGH,NO_VERIFIED_COURSE,"[""ROLE-011""]","[""ACT-020""]",DERIVED,DERIVED,SRC-PROJECT,2026-09-06T14:52:00Z,2026-09-06T14:52:00Z
GAP-USR-013-TARGET-COMP-022,USR-013,TARGET,POS-020,COMP-022,4,3,1,1,MEDIUM,MEDIUM,NO_VERIFIED_COURSE,"[""ROLE-011""]","[""ACT-021""]",DERIVED,DERIVED,SRC-PROJECT,2026-09-06T14:52:00Z,2026-09-06T14:52:00Z
GAP-USR-013-TARGET-COMP-024,USR-013,TARGET,POS-020,COMP-024,4,2,2,2,HIGH,HIGH,NO_VERIFIED_COURSE,"[""ROLE-011""]","[""ACT-022""]",DERIVED,DERIVED,SRC-PROJECT,2026-09-06T14:52:00Z,2026-09-06T14:52:00Z
GAP-USR-013-TARGET-COMP-028,USR-013,TARGET,POS-020,COMP-028,3,2,1,1,MEDIUM,MEDIUM,NO_VERIFIED_COURSE,"[""ROLE-011""]","[""ACT-022""]",DERIVED,DERIVED,SRC-PROJECT,2026-09-06T14:52:00Z,2026-09-06T14:52:00Z
GAP-USR-014-CURRENT-COMP-009,USR-014,CURRENT,POS-019,COMP-009,3,3,0,0,NO_GAP,NO_GAP,NOT_NEEDED,"[""ROLE-011""]","[""ACT-020""]",DERIVED,DERIVED,SRC-PROJECT,2026-09-06T14:52:00Z,2026-09-06T14:52:00Z
GAP-USR-014-CURRENT-COMP-013,USR-014,CURRENT,POS-019,COMP-013,3,3,0,0,NO_GAP,NO_GAP,NOT_NEEDED,"[""ROLE-011""]","[""ACT-021""]",DERIVED,DERIVED,SRC-PROJECT,2026-09-06T14:52:00Z,2026-09-06T14:52:00Z
GAP-USR-014-CURRENT-COMP-015,USR-014,CURRENT,POS-019,COMP-015,3,3,0,0,NO_GAP,NO_GAP,NOT_NEEDED,"[""ROLE-011""]","[""ACT-022""]",DERIVED,DERIVED,SRC-PROJECT,2026-09-06T14:52:00Z,2026-09-06T14:52:00Z
GAP-USR-014-CURRENT-COMP-021,USR-014,CURRENT,POS-019,COMP-021,4,4,0,0,NO_GAP,NO_GAP,NOT_NEEDED,"[""ROLE-011""]","[""ACT-020""]",DERIVED,DERIVED,SRC-PROJECT,2026-09-06T14:52:00Z,2026-09-06T14:52:00Z
GAP-USR-014-CURRENT-COMP-022,USR-014,CURRENT,POS-019,COMP-022,4,2,2,2,HIGH,HIGH,NO_VERIFIED_COURSE,"[""ROLE-011""]","[""ACT-021""]",DERIVED,DERIVED,SRC-PROJECT,2026-09-06T14:52:00Z,2026-09-06T14:52:00Z
GAP-USR-014-CURRENT-COMP-024,USR-014,CURRENT,POS-019,COMP-024,4,3,1,1,MEDIUM,MEDIUM,NO_VERIFIED_COURSE,"[""ROLE-011""]","[""ACT-022""]",DERIVED,DERIVED,SRC-PROJECT,2026-09-06T14:52:00Z,2026-09-06T14:52:00Z
GAP-USR-014-CURRENT-COMP-028,USR-014,CURRENT,POS-019,COMP-028,3,3,0,0,NO_GAP,NO_GAP,NOT_NEEDED,"[""ROLE-011""]","[""ACT-022""]",DERIVED,DERIVED,SRC-PROJECT,2026-09-06T14:52:00Z,2026-09-06T14:52:00Z
GAP-USR-014-TARGET-COMP-003,USR-014,TARGET,POS-020,COMP-003,4,3,1,1,MEDIUM,MEDIUM,NO_VERIFIED_COURSE,"[""ROLE-008""]","[""ACT-013""]",DERIVED,DERIVED,SRC-PROJECT,2026-09-06T14:52:00Z,2026-09-06T14:52:00Z
GAP-USR-014-TARGET-COMP-009,USR-014,TARGET,POS-020,COMP-009,4,3,1,1,MEDIUM,MEDIUM,NO_VERIFIED_COURSE,"[""ROLE-008"", ""ROLE-011""]","[""ACT-013"", ""ACT-020""]",DERIVED,DERIVED,SRC-PROJECT,2026-09-06T14:52:00Z,2026-09-06T14:52:00Z
GAP-USR-014-TARGET-COMP-013,USR-014,TARGET,POS-020,COMP-013,3,3,0,0,NO_GAP,NO_GAP,NOT_NEEDED,"[""ROLE-011""]","[""ACT-021""]",DERIVED,DERIVED,SRC-PROJECT,2026-09-06T14:52:00Z,2026-09-06T14:52:00Z
GAP-USR-014-TARGET-COMP-014,USR-014,TARGET,POS-020,COMP-014,4,3,1,1,MEDIUM,MEDIUM,NO_VERIFIED_COURSE,"[""ROLE-008""]","[""ACT-013""]",DERIVED,DERIVED,SRC-PROJECT,2026-09-06T14:52:00Z,2026-09-06T14:52:00Z
GAP-USR-014-TARGET-COMP-015,USR-014,TARGET,POS-020,COMP-015,3,3,0,0,NO_GAP,NO_GAP,NOT_NEEDED,"[""ROLE-011""]","[""ACT-022""]",DERIVED,DERIVED,SRC-PROJECT,2026-09-06T14:52:00Z,2026-09-06T14:52:00Z
GAP-USR-014-TARGET-COMP-016,USR-014,TARGET,POS-020,COMP-016,4,3,1,1,MEDIUM,MEDIUM,NO_VERIFIED_COURSE,"[""ROLE-008""]","[""ACT-012""]",DERIVED,DERIVED,SRC-PROJECT,2026-09-06T14:52:00Z,2026-09-06T14:52:00Z
GAP-USR-014-TARGET-COMP-017,USR-014,TARGET,POS-020,COMP-017,4,3,1,1,MEDIUM,MEDIUM,NO_VERIFIED_COURSE,"[""ROLE-008""]","[""ACT-012""]",DERIVED,DERIVED,SRC-PROJECT,2026-09-06T14:52:00Z,2026-09-06T14:52:00Z
GAP-USR-014-TARGET-COMP-018,USR-014,TARGET,POS-020,COMP-018,4,3,1,1,MEDIUM,MEDIUM,NO_VERIFIED_COURSE,"[""ROLE-008""]","[""ACT-012""]",DERIVED,DERIVED,SRC-PROJECT,2026-09-06T14:52:00Z,2026-09-06T14:52:00Z
GAP-USR-014-TARGET-COMP-021,USR-014,TARGET,POS-020,COMP-021,4,4,0,0,NO_GAP,NO_GAP,NOT_NEEDED,"[""ROLE-011""]","[""ACT-020""]",DERIVED,DERIVED,SRC-PROJECT,2026-09-06T14:52:00Z,2026-09-06T14:52:00Z
GAP-USR-014-TARGET-COMP-022,USR-014,TARGET,POS-020,COMP-022,4,2,2,2,HIGH,HIGH,NO_VERIFIED_COURSE,"[""ROLE-011""]","[""ACT-021""]",DERIVED,DERIVED,SRC-PROJECT,2026-09-06T14:52:00Z,2026-09-06T14:52:00Z
GAP-USR-014-TARGET-COMP-024,USR-014,TARGET,POS-020,COMP-024,4,3,1,1,MEDIUM,MEDIUM,NO_VERIFIED_COURSE,"[""ROLE-011""]","[""ACT-022""]",DERIVED,DERIVED,SRC-PROJECT,2026-09-06T14:52:00Z,2026-09-06T14:52:00Z
GAP-USR-014-TARGET-COMP-028,USR-014,TARGET,POS-020,COMP-028,3,3,0,0,NO_GAP,NO_GAP,NOT_NEEDED,"[""ROLE-011""]","[""ACT-022""]",DERIVED,DERIVED,SRC-PROJECT,2026-09-06T14:52:00Z,2026-09-06T14:52:00Z
GAP-USR-015-CURRENT-COMP-005,USR-015,CURRENT,POS-021,COMP-005,3,3,0,0,NO_GAP,NO_GAP,NOT_NEEDED,"[""ROLE-012""]","[""ACT-025""]",DERIVED,DERIVED,SRC-PROJECT,2026-09-06T14:52:00Z,2026-09-06T14:52:00Z
GAP-USR-015-CURRENT-COMP-009,USR-015,CURRENT,POS-021,COMP-009,3,3,0,0,NO_GAP,NO_GAP,NOT_NEEDED,"[""ROLE-012""]","[""ACT-024""]",DERIVED,DERIVED,SRC-PROJECT,2026-09-06T14:52:00Z,2026-09-06T14:52:00Z
GAP-USR-015-CURRENT-COMP-011,USR-015,CURRENT,POS-021,COMP-011,4,3,1,1,MEDIUM,MEDIUM,NO_VERIFIED_COURSE,"[""ROLE-012""]","[""ACT-023""]",DERIVED,DERIVED,SRC-PROJECT,2026-09-06T14:52:00Z,2026-09-06T14:52:00Z
GAP-USR-015-CURRENT-COMP-014,USR-015,CURRENT,POS-021,COMP-014,3,3,0,0,NO_GAP,NO_GAP,NOT_NEEDED,"[""ROLE-012""]","[""ACT-024""]",DERIVED,DERIVED,SRC-PROJECT,2026-09-06T14:52:00Z,2026-09-06T14:52:00Z
GAP-USR-015-CURRENT-COMP-025,USR-015,CURRENT,POS-021,COMP-025,4,2,2,2,HIGH,HIGH,NO_VERIFIED_COURSE,"[""ROLE-012""]","[""ACT-023""]",DERIVED,DERIVED,SRC-PROJECT,2026-09-06T14:52:00Z,2026-09-06T14:52:00Z
GAP-USR-015-CURRENT-COMP-026,USR-015,CURRENT,POS-021,COMP-026,3,3,0,0,NO_GAP,NO_GAP,NOT_NEEDED,"[""ROLE-012""]","[""ACT-023""]",DERIVED,DERIVED,SRC-PROJECT,2026-09-06T14:52:00Z,2026-09-06T14:52:00Z
GAP-USR-015-CURRENT-COMP-027,USR-015,CURRENT,POS-021,COMP-027,4,3,1,1,MEDIUM,MEDIUM,NO_VERIFIED_COURSE,"[""ROLE-012""]","[""ACT-023""]",DERIVED,DERIVED,SRC-PROJECT,2026-09-06T14:52:00Z,2026-09-06T14:52:00Z
GAP-USR-015-CURRENT-COMP-028,USR-015,CURRENT,POS-021,COMP-028,4,2,2,2,HIGH,HIGH,NO_VERIFIED_COURSE,"[""ROLE-012""]","[""ACT-025""]",DERIVED,DERIVED,SRC-PROJECT,2026-09-06T14:52:00Z,2026-09-06T14:52:00Z
GAP-USR-015-CURRENT-COMP-029,USR-015,CURRENT,POS-021,COMP-029,3,1,2,2,HIGH,HIGH,NO_VERIFIED_COURSE,"[""ROLE-012""]","[""ACT-024""]",DERIVED,DERIVED,SRC-PROJECT,2026-09-06T14:52:00Z,2026-09-06T14:52:00Z
GAP-USR-015-TARGET-COMP-003,USR-015,TARGET,POS-022,COMP-003,4,3,1,1,MEDIUM,MEDIUM,NO_VERIFIED_COURSE,"[""ROLE-008""]","[""ACT-013""]",DERIVED,DERIVED,SRC-PROJECT,2026-09-06T14:52:00Z,2026-09-06T14:52:00Z
GAP-USR-015-TARGET-COMP-005,USR-015,TARGET,POS-022,COMP-005,3,3,0,0,NO_GAP,NO_GAP,NOT_NEEDED,"[""ROLE-012""]","[""ACT-025""]",DERIVED,DERIVED,SRC-PROJECT,2026-09-06T14:52:00Z,2026-09-06T14:52:00Z
GAP-USR-015-TARGET-COMP-009,USR-015,TARGET,POS-022,COMP-009,4,3,1,1,MEDIUM,MEDIUM,NO_VERIFIED_COURSE,"[""ROLE-008"", ""ROLE-012""]","[""ACT-013"", ""ACT-024""]",DERIVED,DERIVED,SRC-PROJECT,2026-09-06T14:52:00Z,2026-09-06T14:52:00Z
GAP-USR-015-TARGET-COMP-011,USR-015,TARGET,POS-022,COMP-011,4,3,1,1,MEDIUM,MEDIUM,NO_VERIFIED_COURSE,"[""ROLE-012""]","[""ACT-023""]",DERIVED,DERIVED,SRC-PROJECT,2026-09-06T14:52:00Z,2026-09-06T14:52:00Z
GAP-USR-015-TARGET-COMP-014,USR-015,TARGET,POS-022,COMP-014,4,3,1,1,MEDIUM,MEDIUM,NO_VERIFIED_COURSE,"[""ROLE-008"", ""ROLE-012""]","[""ACT-013"", ""ACT-024""]",DERIVED,DERIVED,SRC-PROJECT,2026-09-06T14:52:00Z,2026-09-06T14:52:00Z
GAP-USR-015-TARGET-COMP-016,USR-015,TARGET,POS-022,COMP-016,4,3,1,1,MEDIUM,MEDIUM,NO_VERIFIED_COURSE,"[""ROLE-008""]","[""ACT-012""]",DERIVED,DERIVED,SRC-PROJECT,2026-09-06T14:52:00Z,2026-09-06T14:52:00Z
GAP-USR-015-TARGET-COMP-017,USR-015,TARGET,POS-022,COMP-017,4,3,1,1,MEDIUM,MEDIUM,NO_VERIFIED_COURSE,"[""ROLE-008""]","[""ACT-012""]",DERIVED,DERIVED,SRC-PROJECT,2026-09-06T14:52:00Z,2026-09-06T14:52:00Z
GAP-USR-015-TARGET-COMP-018,USR-015,TARGET,POS-022,COMP-018,4,3,1,1,MEDIUM,MEDIUM,NO_VERIFIED_COURSE,"[""ROLE-008""]","[""ACT-012""]",DERIVED,DERIVED,SRC-PROJECT,2026-09-06T14:52:00Z,2026-09-06T14:52:00Z
GAP-USR-015-TARGET-COMP-025,USR-015,TARGET,POS-022,COMP-025,4,2,2,2,HIGH,HIGH,NO_VERIFIED_COURSE,"[""ROLE-012""]","[""ACT-023""]",DERIVED,DERIVED,SRC-PROJECT,2026-09-06T14:52:00Z,2026-09-06T14:52:00Z
GAP-USR-015-TARGET-COMP-026,USR-015,TARGET,POS-022,COMP-026,3,3,0,0,NO_GAP,NO_GAP,NOT_NEEDED,"[""ROLE-012""]","[""ACT-023""]",DERIVED,DERIVED,SRC-PROJECT,2026-09-06T14:52:00Z,2026-09-06T14:52:00Z
GAP-USR-015-TARGET-COMP-027,USR-015,TARGET,POS-022,COMP-027,4,3,1,1,MEDIUM,MEDIUM,NO_VERIFIED_COURSE,"[""ROLE-012""]","[""ACT-023""]",DERIVED,DERIVED,SRC-PROJECT,2026-09-06T14:52:00Z,2026-09-06T14:52:00Z
GAP-USR-015-TARGET-COMP-028,USR-015,TARGET,POS-022,COMP-028,4,2,2,2,HIGH,HIGH,NO_VERIFIED_COURSE,"[""ROLE-012""]","[""ACT-025""]",DERIVED,DERIVED,SRC-PROJECT,2026-09-06T14:52:00Z,2026-09-06T14:52:00Z
GAP-USR-015-TARGET-COMP-029,USR-015,TARGET,POS-022,COMP-029,3,1,2,2,HIGH,HIGH,NO_VERIFIED_COURSE,"[""ROLE-012""]","[""ACT-024""]",DERIVED,DERIVED,SRC-PROJECT,2026-09-06T14:52:00Z,2026-09-06T14:52:00Z
GAP-USR-016-CURRENT-COMP-005,USR-016,CURRENT,POS-021,COMP-005,3,3,0,0,NO_GAP,NO_GAP,NOT_NEEDED,"[""ROLE-012""]","[""ACT-025""]",DERIVED,DERIVED,SRC-PROJECT,2026-09-06T14:52:00Z,2026-09-06T14:52:00Z
GAP-USR-016-CURRENT-COMP-009,USR-016,CURRENT,POS-021,COMP-009,3,3,0,0,NO_GAP,NO_GAP,NOT_NEEDED,"[""ROLE-012""]","[""ACT-024""]",DERIVED,DERIVED,SRC-PROJECT,2026-09-06T14:52:00Z,2026-09-06T14:52:00Z
GAP-USR-016-CURRENT-COMP-011,USR-016,CURRENT,POS-021,COMP-011,4,3,1,1,MEDIUM,MEDIUM,NO_VERIFIED_COURSE,"[""ROLE-012""]","[""ACT-023""]",DERIVED,DERIVED,SRC-PROJECT,2026-09-06T14:52:00Z,2026-09-06T14:52:00Z
GAP-USR-016-CURRENT-COMP-014,USR-016,CURRENT,POS-021,COMP-014,3,3,0,0,NO_GAP,NO_GAP,NOT_NEEDED,"[""ROLE-012""]","[""ACT-024""]",DERIVED,DERIVED,SRC-PROJECT,2026-09-06T14:52:00Z,2026-09-06T14:52:00Z
GAP-USR-016-CURRENT-COMP-025,USR-016,CURRENT,POS-021,COMP-025,4,3,1,1,MEDIUM,MEDIUM,NO_VERIFIED_COURSE,"[""ROLE-012""]","[""ACT-023""]",DERIVED,DERIVED,SRC-PROJECT,2026-09-06T14:52:00Z,2026-09-06T14:52:00Z
GAP-USR-016-CURRENT-COMP-026,USR-016,CURRENT,POS-021,COMP-026,3,2,1,1,MEDIUM,MEDIUM,NO_VERIFIED_COURSE,"[""ROLE-012""]","[""ACT-023""]",DERIVED,DERIVED,SRC-PROJECT,2026-09-06T14:52:00Z,2026-09-06T14:52:00Z
GAP-USR-016-CURRENT-COMP-027,USR-016,CURRENT,POS-021,COMP-027,4,4,0,0,NO_GAP,NO_GAP,NOT_NEEDED,"[""ROLE-012""]","[""ACT-023""]",DERIVED,DERIVED,SRC-PROJECT,2026-09-06T14:52:00Z,2026-09-06T14:52:00Z
GAP-USR-016-CURRENT-COMP-028,USR-016,CURRENT,POS-021,COMP-028,4,3,1,1,MEDIUM,MEDIUM,NO_VERIFIED_COURSE,"[""ROLE-012""]","[""ACT-025""]",DERIVED,DERIVED,SRC-PROJECT,2026-09-06T14:52:00Z,2026-09-06T14:52:00Z
GAP-USR-016-CURRENT-COMP-029,USR-016,CURRENT,POS-021,COMP-029,3,2,1,1,MEDIUM,MEDIUM,NO_VERIFIED_COURSE,"[""ROLE-012""]","[""ACT-024""]",DERIVED,DERIVED,SRC-PROJECT,2026-09-06T14:52:00Z,2026-09-06T14:52:00Z
GAP-USR-016-TARGET-COMP-003,USR-016,TARGET,POS-022,COMP-003,4,3,1,1,MEDIUM,MEDIUM,NO_VERIFIED_COURSE,"[""ROLE-008""]","[""ACT-013""]",DERIVED,DERIVED,SRC-PROJECT,2026-09-06T14:52:00Z,2026-09-06T14:52:00Z
GAP-USR-016-TARGET-COMP-005,USR-016,TARGET,POS-022,COMP-005,3,3,0,0,NO_GAP,NO_GAP,NOT_NEEDED,"[""ROLE-012""]","[""ACT-025""]",DERIVED,DERIVED,SRC-PROJECT,2026-09-06T14:52:00Z,2026-09-06T14:52:00Z
GAP-USR-016-TARGET-COMP-009,USR-016,TARGET,POS-022,COMP-009,4,3,1,1,MEDIUM,MEDIUM,NO_VERIFIED_COURSE,"[""ROLE-008"", ""ROLE-012""]","[""ACT-013"", ""ACT-024""]",DERIVED,DERIVED,SRC-PROJECT,2026-09-06T14:52:00Z,2026-09-06T14:52:00Z
GAP-USR-016-TARGET-COMP-011,USR-016,TARGET,POS-022,COMP-011,4,3,1,1,MEDIUM,MEDIUM,NO_VERIFIED_COURSE,"[""ROLE-012""]","[""ACT-023""]",DERIVED,DERIVED,SRC-PROJECT,2026-09-06T14:52:00Z,2026-09-06T14:52:00Z
GAP-USR-016-TARGET-COMP-014,USR-016,TARGET,POS-022,COMP-014,4,3,1,1,MEDIUM,MEDIUM,NO_VERIFIED_COURSE,"[""ROLE-008"", ""ROLE-012""]","[""ACT-013"", ""ACT-024""]",DERIVED,DERIVED,SRC-PROJECT,2026-09-06T14:52:00Z,2026-09-06T14:52:00Z
GAP-USR-016-TARGET-COMP-016,USR-016,TARGET,POS-022,COMP-016,4,3,1,1,MEDIUM,MEDIUM,NO_VERIFIED_COURSE,"[""ROLE-008""]","[""ACT-012""]",DERIVED,DERIVED,SRC-PROJECT,2026-09-06T14:52:00Z,2026-09-06T14:52:00Z
GAP-USR-016-TARGET-COMP-017,USR-016,TARGET,POS-022,COMP-017,4,3,1,1,MEDIUM,MEDIUM,NO_VERIFIED_COURSE,"[""ROLE-008""]","[""ACT-012""]",DERIVED,DERIVED,SRC-PROJECT,2026-09-06T14:52:00Z,2026-09-06T14:52:00Z
GAP-USR-016-TARGET-COMP-018,USR-016,TARGET,POS-022,COMP-018,4,3,1,1,MEDIUM,MEDIUM,NO_VERIFIED_COURSE,"[""ROLE-008""]","[""ACT-012""]",DERIVED,DERIVED,SRC-PROJECT,2026-09-06T14:52:00Z,2026-09-06T14:52:00Z
GAP-USR-016-TARGET-COMP-025,USR-016,TARGET,POS-022,COMP-025,4,3,1,1,MEDIUM,MEDIUM,NO_VERIFIED_COURSE,"[""ROLE-012""]","[""ACT-023""]",DERIVED,DERIVED,SRC-PROJECT,2026-09-06T14:52:00Z,2026-09-06T14:52:00Z
GAP-USR-016-TARGET-COMP-026,USR-016,TARGET,POS-022,COMP-026,3,2,1,1,MEDIUM,MEDIUM,NO_VERIFIED_COURSE,"[""ROLE-012""]","[""ACT-023""]",DERIVED,DERIVED,SRC-PROJECT,2026-09-06T14:52:00Z,2026-09-06T14:52:00Z
GAP-USR-016-TARGET-COMP-027,USR-016,TARGET,POS-022,COMP-027,4,4,0,0,NO_GAP,NO_GAP,NOT_NEEDED,"[""ROLE-012""]","[""ACT-023""]",DERIVED,DERIVED,SRC-PROJECT,2026-09-06T14:52:00Z,2026-09-06T14:52:00Z
GAP-USR-016-TARGET-COMP-028,USR-016,TARGET,POS-022,COMP-028,4,3,1,1,MEDIUM,MEDIUM,NO_VERIFIED_COURSE,"[""ROLE-012""]","[""ACT-025""]",DERIVED,DERIVED,SRC-PROJECT,2026-09-06T14:52:00Z,2026-09-06T14:52:00Z
GAP-USR-016-TARGET-COMP-029,USR-016,TARGET,POS-022,COMP-029,3,2,1,1,MEDIUM,MEDIUM,NO_VERIFIED_COURSE,"[""ROLE-012""]","[""ACT-024""]",DERIVED,DERIVED,SRC-PROJECT,2026-09-06T14:52:00Z,2026-09-06T14:52:00Z
GAP-USR-017-CURRENT-COMP-005,USR-017,CURRENT,POS-021,COMP-005,3,3,0,0,NO_GAP,NO_GAP,NOT_NEEDED,"[""ROLE-012""]","[""ACT-025""]",DERIVED,DERIVED,SRC-PROJECT,2026-09-06T14:52:00Z,2026-09-06T14:52:00Z
GAP-USR-017-CURRENT-COMP-009,USR-017,CURRENT,POS-021,COMP-009,3,3,0,0,NO_GAP,NO_GAP,NOT_NEEDED,"[""ROLE-012""]","[""ACT-024""]",DERIVED,DERIVED,SRC-PROJECT,2026-09-06T14:52:00Z,2026-09-06T14:52:00Z
GAP-USR-017-CURRENT-COMP-011,USR-017,CURRENT,POS-021,COMP-011,4,3,1,1,MEDIUM,MEDIUM,NO_VERIFIED_COURSE,"[""ROLE-012""]","[""ACT-023""]",DERIVED,DERIVED,SRC-PROJECT,2026-09-06T14:52:00Z,2026-09-06T14:52:00Z
GAP-USR-017-CURRENT-COMP-014,USR-017,CURRENT,POS-021,COMP-014,3,3,0,0,NO_GAP,NO_GAP,NOT_NEEDED,"[""ROLE-012""]","[""ACT-024""]",DERIVED,DERIVED,SRC-PROJECT,2026-09-06T14:52:00Z,2026-09-06T14:52:00Z
GAP-USR-017-CURRENT-COMP-025,USR-017,CURRENT,POS-021,COMP-025,4,3,1,1,MEDIUM,MEDIUM,NO_VERIFIED_COURSE,"[""ROLE-012""]","[""ACT-023""]",DERIVED,DERIVED,SRC-PROJECT,2026-09-06T14:52:00Z,2026-09-06T14:52:00Z
GAP-USR-017-CURRENT-COMP-026,USR-017,CURRENT,POS-021,COMP-026,3,3,0,0,NO_GAP,NO_GAP,NOT_NEEDED,"[""ROLE-012""]","[""ACT-023""]",DERIVED,DERIVED,SRC-PROJECT,2026-09-06T14:52:00Z,2026-09-06T14:52:00Z
GAP-USR-017-CURRENT-COMP-027,USR-017,CURRENT,POS-021,COMP-027,4,2,2,2,HIGH,HIGH,NO_VERIFIED_COURSE,"[""ROLE-012""]","[""ACT-023""]",DERIVED,DERIVED,SRC-PROJECT,2026-09-06T14:52:00Z,2026-09-06T14:52:00Z
GAP-USR-017-CURRENT-COMP-028,USR-017,CURRENT,POS-021,COMP-028,4,2,2,2,HIGH,HIGH,NO_VERIFIED_COURSE,"[""ROLE-012""]","[""ACT-025""]",DERIVED,DERIVED,SRC-PROJECT,2026-09-06T14:52:00Z,2026-09-06T14:52:00Z
GAP-USR-017-CURRENT-COMP-029,USR-017,CURRENT,POS-021,COMP-029,3,3,0,0,NO_GAP,NO_GAP,NOT_NEEDED,"[""ROLE-012""]","[""ACT-024""]",DERIVED,DERIVED,SRC-PROJECT,2026-09-06T14:52:00Z,2026-09-06T14:52:00Z
GAP-USR-017-TARGET-COMP-003,USR-017,TARGET,POS-022,COMP-003,4,3,1,1,MEDIUM,MEDIUM,NO_VERIFIED_COURSE,"[""ROLE-008""]","[""ACT-013""]",DERIVED,DERIVED,SRC-PROJECT,2026-09-06T14:52:00Z,2026-09-06T14:52:00Z
GAP-USR-017-TARGET-COMP-005,USR-017,TARGET,POS-022,COMP-005,3,3,0,0,NO_GAP,NO_GAP,NOT_NEEDED,"[""ROLE-012""]","[""ACT-025""]",DERIVED,DERIVED,SRC-PROJECT,2026-09-06T14:52:00Z,2026-09-06T14:52:00Z
GAP-USR-017-TARGET-COMP-009,USR-017,TARGET,POS-022,COMP-009,4,3,1,1,MEDIUM,MEDIUM,NO_VERIFIED_COURSE,"[""ROLE-008"", ""ROLE-012""]","[""ACT-013"", ""ACT-024""]",DERIVED,DERIVED,SRC-PROJECT,2026-09-06T14:52:00Z,2026-09-06T14:52:00Z
GAP-USR-017-TARGET-COMP-011,USR-017,TARGET,POS-022,COMP-011,4,3,1,1,MEDIUM,MEDIUM,NO_VERIFIED_COURSE,"[""ROLE-012""]","[""ACT-023""]",DERIVED,DERIVED,SRC-PROJECT,2026-09-06T14:52:00Z,2026-09-06T14:52:00Z
GAP-USR-017-TARGET-COMP-014,USR-017,TARGET,POS-022,COMP-014,4,3,1,1,MEDIUM,MEDIUM,NO_VERIFIED_COURSE,"[""ROLE-008"", ""ROLE-012""]","[""ACT-013"", ""ACT-024""]",DERIVED,DERIVED,SRC-PROJECT,2026-09-06T14:52:00Z,2026-09-06T14:52:00Z
GAP-USR-017-TARGET-COMP-016,USR-017,TARGET,POS-022,COMP-016,4,3,1,1,MEDIUM,MEDIUM,NO_VERIFIED_COURSE,"[""ROLE-008""]","[""ACT-012""]",DERIVED,DERIVED,SRC-PROJECT,2026-09-06T14:52:00Z,2026-09-06T14:52:00Z
GAP-USR-017-TARGET-COMP-017,USR-017,TARGET,POS-022,COMP-017,4,3,1,1,MEDIUM,MEDIUM,NO_VERIFIED_COURSE,"[""ROLE-008""]","[""ACT-012""]",DERIVED,DERIVED,SRC-PROJECT,2026-09-06T14:52:00Z,2026-09-06T14:52:00Z
GAP-USR-017-TARGET-COMP-018,USR-017,TARGET,POS-022,COMP-018,4,3,1,1,MEDIUM,MEDIUM,NO_VERIFIED_COURSE,"[""ROLE-008""]","[""ACT-012""]",DERIVED,DERIVED,SRC-PROJECT,2026-09-06T14:52:00Z,2026-09-06T14:52:00Z
GAP-USR-017-TARGET-COMP-025,USR-017,TARGET,POS-022,COMP-025,4,3,1,1,MEDIUM,MEDIUM,NO_VERIFIED_COURSE,"[""ROLE-012""]","[""ACT-023""]",DERIVED,DERIVED,SRC-PROJECT,2026-09-06T14:52:00Z,2026-09-06T14:52:00Z
GAP-USR-017-TARGET-COMP-026,USR-017,TARGET,POS-022,COMP-026,3,3,0,0,NO_GAP,NO_GAP,NOT_NEEDED,"[""ROLE-012""]","[""ACT-023""]",DERIVED,DERIVED,SRC-PROJECT,2026-09-06T14:52:00Z,2026-09-06T14:52:00Z
GAP-USR-017-TARGET-COMP-027,USR-017,TARGET,POS-022,COMP-027,4,2,2,2,HIGH,HIGH,NO_VERIFIED_COURSE,"[""ROLE-012""]","[""ACT-023""]",DERIVED,DERIVED,SRC-PROJECT,2026-09-06T14:52:00Z,2026-09-06T14:52:00Z
GAP-USR-017-TARGET-COMP-028,USR-017,TARGET,POS-022,COMP-028,4,2,2,2,HIGH,HIGH,NO_VERIFIED_COURSE,"[""ROLE-012""]","[""ACT-025""]",DERIVED,DERIVED,SRC-PROJECT,2026-09-06T14:52:00Z,2026-09-06T14:52:00Z
GAP-USR-017-TARGET-COMP-029,USR-017,TARGET,POS-022,COMP-029,3,3,0,0,NO_GAP,NO_GAP,NOT_NEEDED,"[""ROLE-012""]","[""ACT-024""]",DERIVED,DERIVED,SRC-PROJECT,2026-09-06T14:52:00Z,2026-09-06T14:52:00Z
GAP-USR-018-CURRENT-COMP-004,USR-018,CURRENT,POS-023,COMP-004,3,3,0,0,NO_GAP,NO_GAP,NOT_NEEDED,"[""ROLE-013""]","[""ACT-026""]",DERIVED,DERIVED,SRC-PROJECT,2026-09-06T14:52:00Z,2026-09-06T14:52:00Z
GAP-USR-018-CURRENT-COMP-006,USR-018,CURRENT,POS-023,COMP-006,3,2,1,1,MEDIUM,MEDIUM,NO_VERIFIED_COURSE,"[""ROLE-013""]","[""ACT-027""]",DERIVED,DERIVED,SRC-PROJECT,2026-09-06T14:52:00Z,2026-09-06T14:52:00Z
GAP-USR-018-CURRENT-COMP-011,USR-018,CURRENT,POS-023,COMP-011,3,2,1,1,MEDIUM,MEDIUM,NO_VERIFIED_COURSE,"[""ROLE-013""]","[""ACT-028""]",DERIVED,DERIVED,SRC-PROJECT,2026-09-06T14:52:00Z,2026-09-06T14:52:00Z
GAP-USR-018-CURRENT-COMP-015,USR-018,CURRENT,POS-023,COMP-015,3,3,0,0,NO_GAP,NO_GAP,NOT_NEEDED,"[""ROLE-013""]","[""ACT-028""]",DERIVED,DERIVED,SRC-PROJECT,2026-09-06T14:52:00Z,2026-09-06T14:52:00Z
GAP-USR-018-CURRENT-COMP-022,USR-018,CURRENT,POS-023,COMP-022,3,3,0,0,NO_GAP,NO_GAP,NOT_NEEDED,"[""ROLE-013""]","[""ACT-027""]",DERIVED,DERIVED,SRC-PROJECT,2026-09-06T14:52:00Z,2026-09-06T14:52:00Z
GAP-USR-018-CURRENT-COMP-023,USR-018,CURRENT,POS-023,COMP-023,4,2,2,2,HIGH,HIGH,NO_VERIFIED_COURSE,"[""ROLE-013""]","[""ACT-026""]",DERIVED,DERIVED,SRC-PROJECT,2026-09-06T14:52:00Z,2026-09-06T14:52:00Z
GAP-USR-018-CURRENT-COMP-024,USR-018,CURRENT,POS-023,COMP-024,4,2,2,2,HIGH,HIGH,NO_VERIFIED_COURSE,"[""ROLE-013""]","[""ACT-028""]",DERIVED,DERIVED,SRC-PROJECT,2026-09-06T14:52:00Z,2026-09-06T14:52:00Z
GAP-USR-018-CURRENT-COMP-SAMPLING,USR-018,CURRENT,POS-023,COMP-SAMPLING,4,3,1,1,MEDIUM,MEDIUM,NO_VERIFIED_COURSE,"[""ROLE-013""]","[""ACT-026""]",DERIVED,DERIVED,SRC-PROJECT,2026-09-06T14:52:00Z,2026-09-06T14:52:00Z
GAP-USR-018-TARGET-COMP-003,USR-018,TARGET,POS-024,COMP-003,4,3,1,1,MEDIUM,MEDIUM,NO_VERIFIED_COURSE,"[""ROLE-008""]","[""ACT-013""]",DERIVED,DERIVED,SRC-PROJECT,2026-09-06T14:52:00Z,2026-09-06T14:52:00Z
GAP-USR-018-TARGET-COMP-004,USR-018,TARGET,POS-024,COMP-004,3,3,0,0,NO_GAP,NO_GAP,NOT_NEEDED,"[""ROLE-013""]","[""ACT-026""]",DERIVED,DERIVED,SRC-PROJECT,2026-09-06T14:52:00Z,2026-09-06T14:52:00Z
GAP-USR-018-TARGET-COMP-006,USR-018,TARGET,POS-024,COMP-006,3,2,1,1,MEDIUM,MEDIUM,NO_VERIFIED_COURSE,"[""ROLE-013""]","[""ACT-027""]",DERIVED,DERIVED,SRC-PROJECT,2026-09-06T14:52:00Z,2026-09-06T14:52:00Z
GAP-USR-018-TARGET-COMP-009,USR-018,TARGET,POS-024,COMP-009,4,3,1,1,MEDIUM,MEDIUM,NO_VERIFIED_COURSE,"[""ROLE-008""]","[""ACT-013""]",DERIVED,DERIVED,SRC-PROJECT,2026-09-06T14:52:00Z,2026-09-06T14:52:00Z
GAP-USR-018-TARGET-COMP-011,USR-018,TARGET,POS-024,COMP-011,3,2,1,1,MEDIUM,MEDIUM,NO_VERIFIED_COURSE,"[""ROLE-013""]","[""ACT-028""]",DERIVED,DERIVED,SRC-PROJECT,2026-09-06T14:52:00Z,2026-09-06T14:52:00Z
GAP-USR-018-TARGET-COMP-014,USR-018,TARGET,POS-024,COMP-014,4,3,1,1,MEDIUM,MEDIUM,NO_VERIFIED_COURSE,"[""ROLE-008""]","[""ACT-013""]",DERIVED,DERIVED,SRC-PROJECT,2026-09-06T14:52:00Z,2026-09-06T14:52:00Z
GAP-USR-018-TARGET-COMP-015,USR-018,TARGET,POS-024,COMP-015,3,3,0,0,NO_GAP,NO_GAP,NOT_NEEDED,"[""ROLE-013""]","[""ACT-028""]",DERIVED,DERIVED,SRC-PROJECT,2026-09-06T14:52:00Z,2026-09-06T14:52:00Z
GAP-USR-018-TARGET-COMP-016,USR-018,TARGET,POS-024,COMP-016,4,3,1,1,MEDIUM,MEDIUM,NO_VERIFIED_COURSE,"[""ROLE-008""]","[""ACT-012""]",DERIVED,DERIVED,SRC-PROJECT,2026-09-06T14:52:00Z,2026-09-06T14:52:00Z
GAP-USR-018-TARGET-COMP-017,USR-018,TARGET,POS-024,COMP-017,4,3,1,1,MEDIUM,MEDIUM,NO_VERIFIED_COURSE,"[""ROLE-008""]","[""ACT-012""]",DERIVED,DERIVED,SRC-PROJECT,2026-09-06T14:52:00Z,2026-09-06T14:52:00Z
GAP-USR-018-TARGET-COMP-018,USR-018,TARGET,POS-024,COMP-018,4,3,1,1,MEDIUM,MEDIUM,NO_VERIFIED_COURSE,"[""ROLE-008""]","[""ACT-012""]",DERIVED,DERIVED,SRC-PROJECT,2026-09-06T14:52:00Z,2026-09-06T14:52:00Z
GAP-USR-018-TARGET-COMP-022,USR-018,TARGET,POS-024,COMP-022,3,3,0,0,NO_GAP,NO_GAP,NOT_NEEDED,"[""ROLE-013""]","[""ACT-027""]",DERIVED,DERIVED,SRC-PROJECT,2026-09-06T14:52:00Z,2026-09-06T14:52:00Z
GAP-USR-018-TARGET-COMP-023,USR-018,TARGET,POS-024,COMP-023,4,2,2,2,HIGH,HIGH,NO_VERIFIED_COURSE,"[""ROLE-013""]","[""ACT-026""]",DERIVED,DERIVED,SRC-PROJECT,2026-09-06T14:52:00Z,2026-09-06T14:52:00Z
GAP-USR-018-TARGET-COMP-024,USR-018,TARGET,POS-024,COMP-024,4,2,2,2,HIGH,HIGH,NO_VERIFIED_COURSE,"[""ROLE-013""]","[""ACT-028""]",DERIVED,DERIVED,SRC-PROJECT,2026-09-06T14:52:00Z,2026-09-06T14:52:00Z
GAP-USR-018-TARGET-COMP-SAMPLING,USR-018,TARGET,POS-024,COMP-SAMPLING,4,3,1,1,MEDIUM,MEDIUM,NO_VERIFIED_COURSE,"[""ROLE-013""]","[""ACT-026""]",DERIVED,DERIVED,SRC-PROJECT,2026-09-06T14:52:00Z,2026-09-06T14:52:00Z
GAP-USR-019-CURRENT-COMP-013,USR-019,CURRENT,POS-025,COMP-013,3,2,1,1,MEDIUM,MEDIUM,VERIFIED_DESTINATION_DEMO_MAPPING,"[""ROLE-014""]","[""ACT-029""]",DERIVED,DERIVED,SRC-PROJECT,2026-09-06T14:52:00Z,2026-09-06T14:52:00Z
GAP-USR-019-CURRENT-COMP-024,USR-019,CURRENT,POS-025,COMP-024,3,2,1,1,MEDIUM,MEDIUM,NO_VERIFIED_COURSE,"[""ROLE-014""]","[""ACT-031""]",DERIVED,DERIVED,SRC-PROJECT,2026-09-06T14:52:00Z,2026-09-06T14:52:00Z
GAP-USR-019-CURRENT-COMP-025,USR-019,CURRENT,POS-025,COMP-025,3,2,1,1,MEDIUM,MEDIUM,NO_VERIFIED_COURSE,"[""ROLE-014""]","[""ACT-031""]",DERIVED,DERIVED,SRC-PROJECT,2026-09-06T14:52:00Z,2026-09-06T14:52:00Z
GAP-USR-019-CURRENT-COMP-027,USR-019,CURRENT,POS-025,COMP-027,3,2,1,1,MEDIUM,MEDIUM,NO_VERIFIED_COURSE,"[""ROLE-014""]","[""ACT-030""]",DERIVED,DERIVED,SRC-PROJECT,2026-09-06T14:52:00Z,2026-09-06T14:52:00Z
GAP-USR-019-CURRENT-COMP-030,USR-019,CURRENT,POS-025,COMP-030,4,2,2,2,HIGH,HIGH,NO_VERIFIED_COURSE,"[""ROLE-014""]","[""ACT-029"", ""ACT-031""]",DERIVED,DERIVED,SRC-PROJECT,2026-09-06T14:52:00Z,2026-09-06T14:52:00Z
GAP-USR-019-CURRENT-COMP-031,USR-019,CURRENT,POS-025,COMP-031,4,2,2,2,HIGH,HIGH,NO_VERIFIED_COURSE,"[""ROLE-014""]","[""ACT-030""]",DERIVED,DERIVED,SRC-PROJECT,2026-09-06T14:52:00Z,2026-09-06T14:52:00Z
GAP-USR-019-CURRENT-COMP-032,USR-019,CURRENT,POS-025,COMP-032,3,2,1,1,MEDIUM,MEDIUM,NO_VERIFIED_COURSE,"[""ROLE-014""]","[""ACT-029""]",DERIVED,DERIVED,SRC-PROJECT,2026-09-06T14:52:00Z,2026-09-06T14:52:00Z
GAP-USR-019-TARGET-COMP-003,USR-019,TARGET,POS-026,COMP-003,4,3,1,1,MEDIUM,MEDIUM,NO_VERIFIED_COURSE,"[""ROLE-008""]","[""ACT-013""]",DERIVED,DERIVED,SRC-PROJECT,2026-09-06T14:52:00Z,2026-09-06T14:52:00Z
GAP-USR-019-TARGET-COMP-009,USR-019,TARGET,POS-026,COMP-009,4,3,1,1,MEDIUM,MEDIUM,NO_VERIFIED_COURSE,"[""ROLE-008""]","[""ACT-013""]",DERIVED,DERIVED,SRC-PROJECT,2026-09-06T14:52:00Z,2026-09-06T14:52:00Z
GAP-USR-019-TARGET-COMP-013,USR-019,TARGET,POS-026,COMP-013,3,2,1,1,MEDIUM,MEDIUM,VERIFIED_DESTINATION_DEMO_MAPPING,"[""ROLE-014""]","[""ACT-029""]",DERIVED,DERIVED,SRC-PROJECT,2026-09-06T14:52:00Z,2026-09-06T14:52:00Z
GAP-USR-019-TARGET-COMP-014,USR-019,TARGET,POS-026,COMP-014,4,3,1,1,MEDIUM,MEDIUM,NO_VERIFIED_COURSE,"[""ROLE-008""]","[""ACT-013""]",DERIVED,DERIVED,SRC-PROJECT,2026-09-06T14:52:00Z,2026-09-06T14:52:00Z
GAP-USR-019-TARGET-COMP-016,USR-019,TARGET,POS-026,COMP-016,4,3,1,1,MEDIUM,MEDIUM,NO_VERIFIED_COURSE,"[""ROLE-008""]","[""ACT-012""]",DERIVED,DERIVED,SRC-PROJECT,2026-09-06T14:52:00Z,2026-09-06T14:52:00Z
GAP-USR-019-TARGET-COMP-017,USR-019,TARGET,POS-026,COMP-017,4,3,1,1,MEDIUM,MEDIUM,NO_VERIFIED_COURSE,"[""ROLE-008""]","[""ACT-012""]",DERIVED,DERIVED,SRC-PROJECT,2026-09-06T14:52:00Z,2026-09-06T14:52:00Z
GAP-USR-019-TARGET-COMP-018,USR-019,TARGET,POS-026,COMP-018,4,3,1,1,MEDIUM,MEDIUM,NO_VERIFIED_COURSE,"[""ROLE-008""]","[""ACT-012""]",DERIVED,DERIVED,SRC-PROJECT,2026-09-06T14:52:00Z,2026-09-06T14:52:00Z
GAP-USR-019-TARGET-COMP-024,USR-019,TARGET,POS-026,COMP-024,3,2,1,1,MEDIUM,MEDIUM,NO_VERIFIED_COURSE,"[""ROLE-014""]","[""ACT-031""]",DERIVED,DERIVED,SRC-PROJECT,2026-09-06T14:52:00Z,2026-09-06T14:52:00Z
GAP-USR-019-TARGET-COMP-025,USR-019,TARGET,POS-026,COMP-025,3,2,1,1,MEDIUM,MEDIUM,NO_VERIFIED_COURSE,"[""ROLE-014""]","[""ACT-031""]",DERIVED,DERIVED,SRC-PROJECT,2026-09-06T14:52:00Z,2026-09-06T14:52:00Z
GAP-USR-019-TARGET-COMP-027,USR-019,TARGET,POS-026,COMP-027,3,2,1,1,MEDIUM,MEDIUM,NO_VERIFIED_COURSE,"[""ROLE-014""]","[""ACT-030""]",DERIVED,DERIVED,SRC-PROJECT,2026-09-06T14:52:00Z,2026-09-06T14:52:00Z
GAP-USR-019-TARGET-COMP-030,USR-019,TARGET,POS-026,COMP-030,4,2,2,2,HIGH,HIGH,NO_VERIFIED_COURSE,"[""ROLE-014""]","[""ACT-029"", ""ACT-031""]",DERIVED,DERIVED,SRC-PROJECT,2026-09-06T14:52:00Z,2026-09-06T14:52:00Z
GAP-USR-019-TARGET-COMP-031,USR-019,TARGET,POS-026,COMP-031,4,2,2,2,HIGH,HIGH,NO_VERIFIED_COURSE,"[""ROLE-014""]","[""ACT-030""]",DERIVED,DERIVED,SRC-PROJECT,2026-09-06T14:52:00Z,2026-09-06T14:52:00Z
GAP-USR-019-TARGET-COMP-032,USR-019,TARGET,POS-026,COMP-032,3,2,1,1,MEDIUM,MEDIUM,NO_VERIFIED_COURSE,"[""ROLE-014""]","[""ACT-029""]",DERIVED,DERIVED,SRC-PROJECT,2026-09-06T14:52:00Z,2026-09-06T14:52:00Z
GAP-USR-020-CURRENT-COMP-005,USR-020,CURRENT,POS-027,COMP-005,3,3,0,0,NO_GAP,NO_GAP,NOT_NEEDED,"[""ROLE-015""]","[""ACT-034""]",DERIVED,DERIVED,SRC-PROJECT,2026-09-06T14:52:00Z,2026-09-06T14:52:00Z
GAP-USR-020-CURRENT-COMP-013,USR-020,CURRENT,POS-027,COMP-013,3,2,1,1,MEDIUM,MEDIUM,VERIFIED_DESTINATION_DEMO_MAPPING,"[""ROLE-015""]","[""ACT-034""]",DERIVED,DERIVED,SRC-PROJECT,2026-09-06T14:52:00Z,2026-09-06T14:52:00Z
GAP-USR-020-CURRENT-COMP-014,USR-020,CURRENT,POS-027,COMP-014,3,3,0,0,NO_GAP,NO_GAP,NOT_NEEDED,"[""ROLE-015""]","[""ACT-032""]",DERIVED,DERIVED,SRC-PROJECT,2026-09-06T14:52:00Z,2026-09-06T14:52:00Z
GAP-USR-020-CURRENT-COMP-030,USR-020,CURRENT,POS-027,COMP-030,3,2,1,1,MEDIUM,MEDIUM,NO_VERIFIED_COURSE,"[""ROLE-015""]","[""ACT-034""]",DERIVED,DERIVED,SRC-PROJECT,2026-09-06T14:52:00Z,2026-09-06T14:52:00Z
GAP-USR-020-CURRENT-COMP-031,USR-020,CURRENT,POS-027,COMP-031,3,2,1,1,MEDIUM,MEDIUM,NO_VERIFIED_COURSE,"[""ROLE-015""]","[""ACT-033""]",DERIVED,DERIVED,SRC-PROJECT,2026-09-06T14:52:00Z,2026-09-06T14:52:00Z
GAP-USR-020-CURRENT-COMP-032,USR-020,CURRENT,POS-027,COMP-032,3,1,2,2,HIGH,HIGH,NO_VERIFIED_COURSE,"[""ROLE-015""]","[""ACT-032"", ""ACT-033""]",DERIVED,DERIVED,SRC-PROJECT,2026-09-06T14:52:00Z,2026-09-06T14:52:00Z
GAP-USR-020-TARGET-COMP-003,USR-020,TARGET,POS-028,COMP-003,4,3,1,1,MEDIUM,MEDIUM,NO_VERIFIED_COURSE,"[""ROLE-008""]","[""ACT-013""]",DERIVED,DERIVED,SRC-PROJECT,2026-09-06T14:52:00Z,2026-09-06T14:52:00Z
GAP-USR-020-TARGET-COMP-005,USR-020,TARGET,POS-028,COMP-005,3,3,0,0,NO_GAP,NO_GAP,NOT_NEEDED,"[""ROLE-015""]","[""ACT-034""]",DERIVED,DERIVED,SRC-PROJECT,2026-09-06T14:52:00Z,2026-09-06T14:52:00Z
GAP-USR-020-TARGET-COMP-009,USR-020,TARGET,POS-028,COMP-009,4,3,1,1,MEDIUM,MEDIUM,NO_VERIFIED_COURSE,"[""ROLE-008""]","[""ACT-013""]",DERIVED,DERIVED,SRC-PROJECT,2026-09-06T14:52:00Z,2026-09-06T14:52:00Z
GAP-USR-020-TARGET-COMP-013,USR-020,TARGET,POS-028,COMP-013,3,2,1,1,MEDIUM,MEDIUM,VERIFIED_DESTINATION_DEMO_MAPPING,"[""ROLE-015""]","[""ACT-034""]",DERIVED,DERIVED,SRC-PROJECT,2026-09-06T14:52:00Z,2026-09-06T14:52:00Z
GAP-USR-020-TARGET-COMP-014,USR-020,TARGET,POS-028,COMP-014,4,3,1,1,MEDIUM,MEDIUM,NO_VERIFIED_COURSE,"[""ROLE-008"", ""ROLE-015""]","[""ACT-013"", ""ACT-032""]",DERIVED,DERIVED,SRC-PROJECT,2026-09-06T14:52:00Z,2026-09-06T14:52:00Z
GAP-USR-020-TARGET-COMP-016,USR-020,TARGET,POS-028,COMP-016,4,3,1,1,MEDIUM,MEDIUM,NO_VERIFIED_COURSE,"[""ROLE-008""]","[""ACT-012""]",DERIVED,DERIVED,SRC-PROJECT,2026-09-06T14:52:00Z,2026-09-06T14:52:00Z
GAP-USR-020-TARGET-COMP-017,USR-020,TARGET,POS-028,COMP-017,4,3,1,1,MEDIUM,MEDIUM,NO_VERIFIED_COURSE,"[""ROLE-008""]","[""ACT-012""]",DERIVED,DERIVED,SRC-PROJECT,2026-09-06T14:52:00Z,2026-09-06T14:52:00Z
GAP-USR-020-TARGET-COMP-018,USR-020,TARGET,POS-028,COMP-018,4,3,1,1,MEDIUM,MEDIUM,NO_VERIFIED_COURSE,"[""ROLE-008""]","[""ACT-012""]",DERIVED,DERIVED,SRC-PROJECT,2026-09-06T14:52:00Z,2026-09-06T14:52:00Z
GAP-USR-020-TARGET-COMP-030,USR-020,TARGET,POS-028,COMP-030,3,2,1,1,MEDIUM,MEDIUM,NO_VERIFIED_COURSE,"[""ROLE-015""]","[""ACT-034""]",DERIVED,DERIVED,SRC-PROJECT,2026-09-06T14:52:00Z,2026-09-06T14:52:00Z
GAP-USR-020-TARGET-COMP-031,USR-020,TARGET,POS-028,COMP-031,3,2,1,1,MEDIUM,MEDIUM,NO_VERIFIED_COURSE,"[""ROLE-015""]","[""ACT-033""]",DERIVED,DERIVED,SRC-PROJECT,2026-09-06T14:52:00Z,2026-09-06T14:52:00Z
GAP-USR-020-TARGET-COMP-032,USR-020,TARGET,POS-028,COMP-032,3,1,2,2,HIGH,HIGH,NO_VERIFIED_COURSE,"[""ROLE-015""]","[""ACT-032"", ""ACT-033""]",DERIVED,DERIVED,SRC-PROJECT,2026-09-06T14:52:00Z,2026-09-06T14:52:00Z
