path_item_id,learning_path_id,sequence_no,stage,item_type,competency_id,course_id,gap_id,status,action_label,provenance,source_type,source_id,created_at,updated_at
PATH-USR-001-01,PATH-USR-001,1,FOUNDATION,CATALOGUE_GAP,COMP-016,,GAP-USR-001-TARGET-COMP-016,BLOCKED,No verified course for Leadership; obtain approved material,DERIVED,DERIVED,SRC-PROJECT,2026-09-06T14:52:00Z,2026-09-06T14:52:00Z
PATH-USR-001-02,PATH-USR-001,2,FOUNDATION,CATALOGUE_GAP,COMP-SAMPLING,,GAP-USR-001-TARGET-COMP-SAMPLING,BLOCKED,No verified course for Sampling Methodology; obtain approved material,DERIVED,DERIVED,SRC-PROJECT,2026-09-06T14:52:00Z,2026-09-06T14:52:00Z
PATH-USR-001-03,PATH-USR-001,3,INTERMEDIATE,IGOT_COURSE,COMP-002,CRS-001,GAP-USR-001-TARGET-COMP-002,AVAILABLE_WITH_CAVEAT,Learn on iGOT,DERIVED,DERIVED,SRC-PROJECT,2026-09-06T14:52:00Z,2026-09-06T14:52:00Z
PATH-USR-001-04,PATH-USR-001,4,ADVANCED,CATALOGUE_GAP,COMP-005,,GAP-USR-001-TARGET-COMP-005,BLOCKED,No verified course for Communication; obtain approved material,DERIVED,DERIVED,SRC-PROJECT,2026-09-06T14:52:00Z,2026-09-06T14:52:00Z
PATH-USR-001-05,PATH-USR-001,5,PRACTICAL,PLANNED_PRACTICE,COMP-002,,GAP-USR-001-TARGET-COMP-002,PLANNED_NOT_PUBLISHED,Trainer-reviewed practical task required; do not infer mastery from course completion,DERIVED,DERIVED,SRC-PROJECT,2026-09-06T14:52:00Z,2026-09-06T14:52:00Z
PATH-USR-001-06,PATH-USR-001,6,PRACTICAL,PLANNED_PRACTICE,COMP-005,,GAP-USR-001-TARGET-COMP-005,PLANNED_NOT_PUBLISHED,Trainer-reviewed practical task required; do not infer mastery from course completion,DERIVED,DERIVED,SRC-PROJECT,2026-09-06T14:52:00Z,2026-09-06T14:52:00Z
PATH-USR-001-07,PATH-USR-001,7,PRACTICAL,PLANNED_PRACTICE,COMP-016,,GAP-USR-001-TARGET-COMP-016,PLANNED_NOT_PUBLISHED,Trainer-reviewed practical task required; do not infer mastery from course completion,DERIVED,DERIVED,SRC-PROJECT,2026-09-06T14:52:00Z,2026-09-06T14:52:00Z
PATH-USR-001-08,PATH-USR-001,8,PRACTICAL,PLANNED_PRACTICE,COMP-SAMPLING,,GAP-USR-001-TARGET-COMP-SAMPLING,PLANNED_NOT_PUBLISHED,Trainer-reviewed practical task required; do not infer mastery from course completion,DERIVED,DERIVED,SRC-PROJECT,2026-09-06T14:52:00Z,2026-09-06T14:52:00Z
PATH-USR-001-09,PATH-USR-001,9,ASSESSMENT,PLANNED_ASSESSMENT,COMP-002,,GAP-USR-001-TARGET-COMP-002,PLANNED_NOT_PUBLISHED,Collect competency-wise evidence and recalculate,DERIVED,DERIVED,SRC-PROJECT,2026-09-06T14:52:00Z,2026-09-06T14:52:00Z
PATH-USR-001-10,PATH-USR-001,10,ASSESSMENT,PLANNED_ASSESSMENT,COMP-005,,GAP-USR-001-TARGET-COMP-005,PLANNED_NOT_PUBLISHED,Collect competency-wise evidence and recalculate,DERIVED,DERIVED,SRC-PROJECT,2026-09-06T14:52:00Z,2026-09-06T14:52:00Z
PATH-USR-001-11,PATH-USR-001,11,ASSESSMENT,PLANNED_ASSESSMENT,COMP-016,,GAP-USR-001-TARGET-COMP-016,PLANNED_NOT_PUBLISHED,Collect competency-wise evidence and recalculate,DERIVED,DERIVED,SRC-PROJECT,2026-09-06T14:52:00Z,2026-09-06T14:52:00Z
PATH-USR-001-12,PATH-USR-001,12,ASSESSMENT,PLANNED_ASSESSMENT,COMP-SAMPLING,,GAP-USR-001-TARGET-COMP-SAMPLING,PLANNED_NOT_PUBLISHED,Collect competency-wise evidence and recalculate,DERIVED,DERIVED,SRC-PROJECT,2026-09-06T14:52:00Z,2026-09-06T14:52:00Z
PATH-USR-002-01,PATH-USR-002,1,ADVANCED,CATALOGUE_GAP,COMP-009,,GAP-USR-002-TARGET-COMP-009,BLOCKED,No verified course for Statistical Analysis; obtain approved material,DERIVED,DERIVED,SRC-PROJECT,2026-09-06T14:52:00Z,2026-09-06T14:52:00Z
PATH-USR-002-02,PATH-USR-002,2,PRACTICAL,PLANNED_PRACTICE,COMP-009,,GAP-USR-002-TARGET-COMP-009,PLANNED_NOT_PUBLISHED,Trainer-reviewed practical task required; do not infer mastery from course completion,DERIVED,DERIVED,SRC-PROJECT,2026-09-06T14:52:00Z,2026-09-06T14:52:00Z
PATH-USR-002-03,PATH-USR-002,3,ASSESSMENT,PLANNED_ASSESSMENT,COMP-009,,GAP-USR-002-TARGET-COMP-009,PLANNED_NOT_PUBLISHED,Collect competency-wise evidence and recalculate,DERIVED,DERIVED,SRC-PROJECT,2026-09-06T14:52:00Z,2026-09-06T14:52:00Z
PATH-USR-003-01,PATH-USR-003,1,FOUNDATION,CATALOGUE_GAP,COMP-010,,GAP-USR-003-TARGET-COMP-010,BLOCKED,No verified course for Price Statistics; obtain approved material,DERIVED,DERIVED,SRC-PROJECT,2026-09-06T14:52:00Z,2026-09-06T14:52:00Z
PATH-USR-003-02,PATH-USR-003,2,PRACTICAL,PLANNED_PRACTICE,COMP-010,,GAP-USR-003-TARGET-COMP-010,PLANNED_NOT_PUBLISHED,Trainer-reviewed practical task required; do not infer mastery from course completion,DERIVED,DERIVED,SRC-PROJECT,2026-09-06T14:52:00Z,2026-09-06T14:52:00Z
PATH-USR-003-03,PATH-USR-003,3,ASSESSMENT,PLANNED_ASSESSMENT,COMP-010,,GAP-USR-003-TARGET-COMP-010,PLANNED_NOT_PUBLISHED,Collect competency-wise evidence and recalculate,DERIVED,DERIVED,SRC-PROJECT,2026-09-06T14:52:00Z,2026-09-06T14:52:00Z
PATH-USR-004-01,PATH-USR-004,1,ADVANCED,CATALOGUE_GAP,COMP-003,,GAP-USR-004-TARGET-COMP-003,BLOCKED,No verified course for Critical Thinking; obtain approved material,DERIVED,DERIVED,SRC-PROJECT,2026-09-06T14:52:00Z,2026-09-06T14:52:00Z
PATH-USR-004-02,PATH-USR-004,2,ADVANCED,CATALOGUE_GAP,COMP-014,,GAP-USR-004-TARGET-COMP-014,BLOCKED,No verified course for Data Privacy and Disclosure Control; obtain approved material,DERIVED,DERIVED,SRC-PROJECT,2026-09-06T14:52:00Z,2026-09-06T14:52:00Z
PATH-USR-004-03,PATH-USR-004,3,ADVANCED,CATALOGUE_GAP,COMP-016,,GAP-USR-004-TARGET-COMP-016,BLOCKED,No verified course for Leadership; obtain approved material,DERIVED,DERIVED,SRC-PROJECT,2026-09-06T14:52:00Z,2026-09-06T14:52:00Z
PATH-USR-004-04,PATH-USR-004,4,ADVANCED,CATALOGUE_GAP,COMP-017,,GAP-USR-004-TARGET-COMP-017,BLOCKED,No verified course for Collaboration; obtain approved material,DERIVED,DERIVED,SRC-PROJECT,2026-09-06T14:52:00Z,2026-09-06T14:52:00Z
PATH-USR-004-05,PATH-USR-004,5,ADVANCED,CATALOGUE_GAP,COMP-018,,GAP-USR-004-TARGET-COMP-018,BLOCKED,No verified course for Strategic Thinking; obtain approved material,DERIVED,DERIVED,SRC-PROJECT,2026-09-06T14:52:00Z,2026-09-06T14:52:00Z
PATH-USR-004-06,PATH-USR-004,6,PRACTICAL,PLANNED_PRACTICE,COMP-003,,GAP-USR-004-TARGET-COMP-003,PLANNED_NOT_PUBLISHED,Trainer-reviewed practical task required; do not infer mastery from course completion,DERIVED,DERIVED,SRC-PROJECT,2026-09-06T14:52:00Z,2026-09-06T14:52:00Z
PATH-USR-004-07,PATH-USR-004,7,PRACTICAL,PLANNED_PRACTICE,COMP-014,,GAP-USR-004-TARGET-COMP-014,PLANNED_NOT_PUBLISHED,Trainer-reviewed practical task required; do not infer mastery from course completion,DERIVED,DERIVED,SRC-PROJECT,2026-09-06T14:52:00Z,2026-09-06T14:52:00Z
PATH-USR-004-08,PATH-USR-004,8,PRACTICAL,PLANNED_PRACTICE,COMP-016,,GAP-USR-004-TARGET-COMP-016,PLANNED_NOT_PUBLISHED,Trainer-reviewed practical task required; do not infer mastery from course completion,DERIVED,DERIVED,SRC-PROJECT,2026-09-06T14:52:00Z,2026-09-06T14:52:00Z
PATH-USR-004-09,PATH-USR-004,9,PRACTICAL,PLANNED_PRACTICE,COMP-017,,GAP-USR-004-TARGET-COMP-017,PLANNED_NOT_PUBLISHED,Trainer-reviewed practical task required; do not infer mastery from course completion,DERIVED,DERIVED,SRC-PROJECT,2026-09-06T14:52:00Z,2026-09-06T14:52:00Z
PATH-USR-004-10,PATH-USR-004,10,PRACTICAL,PLANNED_PRACTICE,COMP-018,,GAP-USR-004-TARGET-COMP-018,PLANNED_NOT_PUBLISHED,Trainer-reviewed practical task required; do not infer mastery from course completion,DERIVED,DERIVED,SRC-PROJECT,2026-09-06T14:52:00Z,2026-09-06T14:52:00Z
PATH-USR-004-11,PATH-USR-004,11,ASSESSMENT,PLANNED_ASSESSMENT,COMP-003,,GAP-USR-004-TARGET-COMP-003,PLANNED_NOT_PUBLISHED,Collect competency-wise evidence and recalculate,DERIVED,DERIVED,SRC-PROJECT,2026-09-06T14:52:00Z,2026-09-06T14:52:00Z
PATH-USR-004-12,PATH-USR-004,12,ASSESSMENT,PLANNED_ASSESSMENT,COMP-014,,GAP-USR-004-TARGET-COMP-014,PLANNED_NOT_PUBLISHED,Collect competency-wise evidence and recalculate,DERIVED,DERIVED,SRC-PROJECT,2026-09-06T14:52:00Z,2026-09-06T14:52:00Z
PATH-USR-004-13,PATH-USR-004,13,ASSESSMENT,PLANNED_ASSESSMENT,COMP-016,,GAP-USR-004-TARGET-COMP-016,PLANNED_NOT_PUBLISHED,Collect competency-wise evidence and recalculate,DERIVED,DERIVED,SRC-PROJECT,2026-09-06T14:52:00Z,2026-09-06T14:52:00Z
PATH-USR-004-14,PATH-USR-004,14,ASSESSMENT,PLANNED_ASSESSMENT,COMP-017,,GAP-USR-004-TARGET-COMP-017,PLANNED_NOT_PUBLISHED,Collect competency-wise evidence and recalculate,DERIVED,DERIVED,SRC-PROJECT,2026-09-06T14:52:00Z,2026-09-06T14:52:00Z
PATH-USR-004-15,PATH-USR-004,15,ASSESSMENT,PLANNED_ASSESSMENT,COMP-018,,GAP-USR-004-TARGET-COMP-018,PLANNED_NOT_PUBLISHED,Collect competency-wise evidence and recalculate,DERIVED,DERIVED,SRC-PROJECT,2026-09-06T14:52:00Z,2026-09-06T14:52:00Z
PATH-USR-005-01,PATH-USR-005,1,INTERMEDIATE,IGOT_COURSE,COMP-013,CRS-002,GAP-USR-005-TARGET-COMP-013,IN_PROGRESS,Resume on iGOT,DERIVED,DERIVED,SRC-PROJECT,2026-09-06T14:52:00Z,2026-09-06T14:52:00Z
PATH-USR-005-02,PATH-USR-005,2,ADVANCED,CATALOGUE_GAP,COMP-013,,GAP-USR-005-TARGET-COMP-013,BLOCKED,Bridge course does not cover final target in Statistical Data Management; source advanced material,DERIVED,DERIVED,SRC-PROJECT,2026-09-06T14:52:00Z,2026-09-06T14:52:00Z
PATH-USR-005-03,PATH-USR-005,3,ADVANCED,CATALOGUE_GAP,COMP-014,,GAP-USR-005-TARGET-COMP-014,BLOCKED,No verified course for Data Privacy and Disclosure Control; obtain approved material,DERIVED,DERIVED,SRC-PROJECT,2026-09-06T14:52:00Z,2026-09-06T14:52:00Z
PATH-USR-005-04,PATH-USR-005,4,ADVANCED,CATALOGUE_GAP,COMP-015,,GAP-USR-005-TARGET-COMP-015,BLOCKED,No verified course for Metadata and Dissemination; obtain approved material,DERIVED,DERIVED,SRC-PROJECT,2026-09-06T14:52:00Z,2026-09-06T14:52:00Z
PATH-USR-005-05,PATH-USR-005,5,ADVANCED,CATALOGUE_GAP,COMP-016,,GAP-USR-005-TARGET-COMP-016,BLOCKED,No verified course for Leadership; obtain approved material,DERIVED,DERIVED,SRC-PROJECT,2026-09-06T14:52:00Z,2026-09-06T14:52:00Z
PATH-USR-005-06,PATH-USR-005,6,ADVANCED,CATALOGUE_GAP,COMP-017,,GAP-USR-005-TARGET-COMP-017,BLOCKED,No verified course for Collaboration; obtain approved material,DERIVED,DERIVED,SRC-PROJECT,2026-09-06T14:52:00Z,2026-09-06T14:52:00Z
PATH-USR-005-07,PATH-USR-005,7,ADVANCED,CATALOGUE_GAP,COMP-018,,GAP-USR-005-TARGET-COMP-018,BLOCKED,No verified course for Strategic Thinking; obtain approved material,DERIVED,DERIVED,SRC-PROJECT,2026-09-06T14:52:00Z,2026-09-06T14:52:00Z
PATH-USR-005-08,PATH-USR-005,8,PRACTICAL,PLANNED_PRACTICE,COMP-013,,GAP-USR-005-TARGET-COMP-013,PLANNED_NOT_PUBLISHED,Trainer-reviewed practical task required; do not infer mastery from course completion,DERIVED,DERIVED,SRC-PROJECT,2026-09-06T14:52:00Z,2026-09-06T14:52:00Z
PATH-USR-005-09,PATH-USR-005,9,PRACTICAL,PLANNED_PRACTICE,COMP-014,,GAP-USR-005-TARGET-COMP-014,PLANNED_NOT_PUBLISHED,Trainer-reviewed practical task required; do not infer mastery from course completion,DERIVED,DERIVED,SRC-PROJECT,2026-09-06T14:52:00Z,2026-09-06T14:52:00Z
PATH-USR-005-10,PATH-USR-005,10,PRACTICAL,PLANNED_PRACTICE,COMP-015,,GAP-USR-005-TARGET-COMP-015,PLANNED_NOT_PUBLISHED,Trainer-reviewed practical task required; do not infer mastery from course completion,DERIVED,DERIVED,SRC-PROJECT,2026-09-06T14:52:00Z,2026-09-06T14:52:00Z
PATH-USR-005-11,PATH-USR-005,11,PRACTICAL,PLANNED_PRACTICE,COMP-016,,GAP-USR-005-TARGET-COMP-016,PLANNED_NOT_PUBLISHED,Trainer-reviewed practical task required; do not infer mastery from course completion,DERIVED,DERIVED,SRC-PROJECT,2026-09-06T14:52:00Z,2026-09-06T14:52:00Z
PATH-USR-005-12,PATH-USR-005,12,PRACTICAL,PLANNED_PRACTICE,COMP-017,,GAP-USR-005-TARGET-COMP-017,PLANNED_NOT_PUBLISHED,Trainer-reviewed practical task required; do not infer mastery from course completion,DERIVED,DERIVED,SRC-PROJECT,2026-09-06T14:52:00Z,2026-09-06T14:52:00Z
PATH-USR-005-13,PATH-USR-005,13,PRACTICAL,PLANNED_PRACTICE,COMP-018,,GAP-USR-005-TARGET-COMP-018,PLANNED_NOT_PUBLISHED,Trainer-reviewed practical task required; do not infer mastery from course completion,DERIVED,DERIVED,SRC-PROJECT,2026-09-06T14:52:00Z,2026-09-06T14:52:00Z
PATH-USR-005-14,PATH-USR-005,14,ASSESSMENT,PLANNED_ASSESSMENT,COMP-013,,GAP-USR-005-TARGET-COMP-013,PLANNED_NOT_PUBLISHED,Collect competency-wise evidence and recalculate,DERIVED,DERIVED,SRC-PROJECT,2026-09-06T14:52:00Z,2026-09-06T14:52:00Z
PATH-USR-005-15,PATH-USR-005,15,ASSESSMENT,PLANNED_ASSESSMENT,COMP-014,,GAP-USR-005-TARGET-COMP-014,PLANNED_NOT_PUBLISHED,Collect competency-wise evidence and recalculate,DERIVED,DERIVED,SRC-PROJECT,2026-09-06T14:52:00Z,2026-09-06T14:52:00Z
PATH-USR-005-16,PATH-USR-005,16,ASSESSMENT,PLANNED_ASSESSMENT,COMP-015,,GAP-USR-005-TARGET-COMP-015,PLANNED_NOT_PUBLISHED,Collect competency-wise evidence and recalculate,DERIVED,DERIVED,SRC-PROJECT,2026-09-06T14:52:00Z,2026-09-06T14:52:00Z
PATH-USR-005-17,PATH-USR-005,17,ASSESSMENT,PLANNED_ASSESSMENT,COMP-016,,GAP-USR-005-TARGET-COMP-016,PLANNED_NOT_PUBLISHED,Collect competency-wise evidence and recalculate,DERIVED,DERIVED,SRC-PROJECT,2026-09-06T14:52:00Z,2026-09-06T14:52:00Z
PATH-USR-005-18,PATH-USR-005,18,ASSESSMENT,PLANNED_ASSESSMENT,COMP-017,,GAP-USR-005-TARGET-COMP-017,PLANNED_NOT_PUBLISHED,Collect competency-wise evidence and recalculate,DERIVED,DERIVED,SRC-PROJECT,2026-09-06T14:52:00Z,2026-09-06T14:52:00Z
PATH-USR-005-19,PATH-USR-005,19,ASSESSMENT,PLANNED_ASSESSMENT,COMP-018,,GAP-USR-005-TARGET-COMP-018,PLANNED_NOT_PUBLISHED,Collect competency-wise evidence and recalculate,DERIVED,DERIVED,SRC-PROJECT,2026-09-06T14:52:00Z,2026-09-06T14:52:00Z
PATH-USR-006-01,PATH-USR-006,1,DIAGNOSTIC,ASSESSMENT,COMP-011,,GAP-USR-006-TARGET-COMP-011,REQUIRED,Collect evidence before calculating a gap,DERIVED,DERIVED,SRC-PROJECT,2026-09-06T14:52:00Z,2026-09-06T14:52:00Z
PATH-USR-006-02,PATH-USR-006,2,ADVANCED,CATALOGUE_GAP,COMP-SAMPLING,,GAP-USR-006-TARGET-COMP-SAMPLING,BLOCKED,No verified course for Sampling Methodology; obtain approved material,DERIVED,DERIVED,SRC-PROJECT,2026-09-06T14:52:00Z,2026-09-06T14:52:00Z
PATH-USR-006-03,PATH-USR-006,3,PRACTICAL,PLANNED_PRACTICE,COMP-SAMPLING,,GAP-USR-006-TARGET-COMP-SAMPLING,PLANNED_NOT_PUBLISHED,Trainer-reviewed practical task required; do not infer mastery from course completion,DERIVED,DERIVED,SRC-PROJECT,2026-09-06T14:52:00Z,2026-09-06T14:52:00Z
PATH-USR-006-04,PATH-USR-006,4,ASSESSMENT,PLANNED_ASSESSMENT,COMP-SAMPLING,,GAP-USR-006-TARGET-COMP-SAMPLING,PLANNED_NOT_PUBLISHED,Collect competency-wise evidence and recalculate,DERIVED,DERIVED,SRC-PROJECT,2026-09-06T14:52:00Z,2026-09-06T14:52:00Z
PATH-USR-007-01,PATH-USR-007,1,FOUNDATION,CATALOGUE_GAP,COMP-014,,GAP-USR-007-TARGET-COMP-014,BLOCKED,No verified course for Data Privacy and Disclosure Control; obtain approved material,DERIVED,DERIVED,SRC-PROJECT,2026-09-06T14:52:00Z,2026-09-06T14:52:00Z
PATH-USR-007-02,PATH-USR-007,2,FOUNDATION,CATALOGUE_GAP,COMP-018,,GAP-USR-007-TARGET-COMP-018,BLOCKED,No verified course for Strategic Thinking; obtain approved material,DERIVED,DERIVED,SRC-PROJECT,2026-09-06T14:52:00Z,2026-09-06T14:52:00Z
PATH-USR-007-03,PATH-USR-007,3,ADVANCED,CATALOGUE_GAP,COMP-003,,GAP-USR-007-TARGET-COMP-003,BLOCKED,No verified course for Critical Thinking; obtain approved material,DERIVED,DERIVED,SRC-PROJECT,2026-09-06T14:52:00Z,2026-09-06T14:52:00Z
PATH-USR-007-04,PATH-USR-007,4,ADVANCED,CATALOGUE_GAP,COMP-009,,GAP-USR-007-TARGET-COMP-009,BLOCKED,No verified course for Statistical Analysis; obtain approved material,DERIVED,DERIVED,SRC-PROJECT,2026-09-06T14:52:00Z,2026-09-06T14:52:00Z
PATH-USR-007-05,PATH-USR-007,5,ADVANCED,CATALOGUE_GAP,COMP-016,,GAP-USR-007-TARGET-COMP-016,BLOCKED,No verified course for Leadership; obtain approved material,DERIVED,DERIVED,SRC-PROJECT,2026-09-06T14:52:00Z,2026-09-06T14:52:00Z
PATH-USR-007-06,PATH-USR-007,6,ADVANCED,CATALOGUE_GAP,COMP-017,,GAP-USR-007-TARGET-COMP-017,BLOCKED,No verified course for Collaboration; obtain approved material,DERIVED,DERIVED,SRC-PROJECT,2026-09-06T14:52:00Z,2026-09-06T14:52:00Z
PATH-USR-007-07,PATH-USR-007,7,PRACTICAL,PLANNED_PRACTICE,COMP-003,,GAP-USR-007-TARGET-COMP-003,PLANNED_NOT_PUBLISHED,Trainer-reviewed practical task required; do not infer mastery from course completion,DERIVED,DERIVED,SRC-PROJECT,2026-09-06T14:52:00Z,2026-09-06T14:52:00Z
PATH-USR-007-08,PATH-USR-007,8,PRACTICAL,PLANNED_PRACTICE,COMP-009,,GAP-USR-007-TARGET-COMP-009,PLANNED_NOT_PUBLISHED,Trainer-reviewed practical task required; do not infer mastery from course completion,DERIVED,DERIVED,SRC-PROJECT,2026-09-06T14:52:00Z,2026-09-06T14:52:00Z
PATH-USR-007-09,PATH-USR-007,9,PRACTICAL,PLANNED_PRACTICE,COMP-014,,GAP-USR-007-TARGET-COMP-014,PLANNED_NOT_PUBLISHED,Trainer-reviewed practical task required; do not infer mastery from course completion,DERIVED,DERIVED,SRC-PROJECT,2026-09-06T14:52:00Z,2026-09-06T14:52:00Z
PATH-USR-007-10,PATH-USR-007,10,PRACTICAL,PLANNED_PRACTICE,COMP-016,,GAP-USR-007-TARGET-COMP-016,PLANNED_NOT_PUBLISHED,Trainer-reviewed practical task required; do not infer mastery from course completion,DERIVED,DERIVED,SRC-PROJECT,2026-09-06T14:52:00Z,2026-09-06T14:52:00Z
PATH-USR-007-11,PATH-USR-007,11,PRACTICAL,PLANNED_PRACTICE,COMP-017,,GAP-USR-007-TARGET-COMP-017,PLANNED_NOT_PUBLISHED,Trainer-reviewed practical task required; do not infer mastery from course completion,DERIVED,DERIVED,SRC-PROJECT,2026-09-06T14:52:00Z,2026-09-06T14:52:00Z
PATH-USR-007-12,PATH-USR-007,12,PRACTICAL,PLANNED_PRACTICE,COMP-018,,GAP-USR-007-TARGET-COMP-018,PLANNED_NOT_PUBLISHED,Trainer-reviewed practical task required; do not infer mastery from course completion,DERIVED,DERIVED,SRC-PROJECT,2026-09-06T14:52:00Z,2026-09-06T14:52:00Z
PATH-USR-007-13,PATH-USR-007,13,ASSESSMENT,PLANNED_ASSESSMENT,COMP-003,,GAP-USR-007-TARGET-COMP-003,PLANNED_NOT_PUBLISHED,Collect competency-wise evidence and recalculate,DERIVED,DERIVED,SRC-PROJECT,2026-09-06T14:52:00Z,2026-09-06T14:52:00Z
PATH-USR-007-14,PATH-USR-007,14,ASSESSMENT,PLANNED_ASSESSMENT,COMP-009,,GAP-USR-007-TARGET-COMP-009,PLANNED_NOT_PUBLISHED,Collect competency-wise evidence and recalculate,DERIVED,DERIVED,SRC-PROJECT,2026-09-06T14:52:00Z,2026-09-06T14:52:00Z
PATH-USR-007-15,PATH-USR-007,15,ASSESSMENT,PLANNED_ASSESSMENT,COMP-014,,GAP-USR-007-TARGET-COMP-014,PLANNED_NOT_PUBLISHED,Collect competency-wise evidence and recalculate,DERIVED,DERIVED,SRC-PROJECT,2026-09-06T14:52:00Z,2026-09-06T14:52:00Z
PATH-USR-007-16,PATH-USR-007,16,ASSESSMENT,PLANNED_ASSESSMENT,COMP-016,,GAP-USR-007-TARGET-COMP-016,PLANNED_NOT_PUBLISHED,Collect competency-wise evidence and recalculate,DERIVED,DERIVED,SRC-PROJECT,2026-09-06T14:52:00Z,2026-09-06T14:52:00Z
PATH-USR-007-17,PATH-USR-007,17,ASSESSMENT,PLANNED_ASSESSMENT,COMP-017,,GAP-USR-007-TARGET-COMP-017,PLANNED_NOT_PUBLISHED,Collect competency-wise evidence and recalculate,DERIVED,DERIVED,SRC-PROJECT,2026-09-06T14:52:00Z,2026-09-06T14:52:00Z
PATH-USR-007-18,PATH-USR-007,18,ASSESSMENT,PLANNED_ASSESSMENT,COMP-018,,GAP-USR-007-TARGET-COMP-018,PLANNED_NOT_PUBLISHED,Collect competency-wise evidence and recalculate,DERIVED,DERIVED,SRC-PROJECT,2026-09-06T14:52:00Z,2026-09-06T14:52:00Z
PATH-USR-008-01,PATH-USR-008,1,ADVANCED,CATALOGUE_GAP,COMP-017,,GAP-USR-008-TARGET-COMP-017,BLOCKED,No verified course for Collaboration; obtain approved material,DERIVED,DERIVED,SRC-PROJECT,2026-09-06T14:52:00Z,2026-09-06T14:52:00Z
PATH-USR-008-02,PATH-USR-008,2,PRACTICAL,PLANNED_PRACTICE,COMP-017,,GAP-USR-008-TARGET-COMP-017,PLANNED_NOT_PUBLISHED,Trainer-reviewed practical task required; do not infer mastery from course completion,DERIVED,DERIVED,SRC-PROJECT,2026-09-06T14:52:00Z,2026-09-06T14:52:00Z
PATH-USR-008-03,PATH-USR-008,3,ASSESSMENT,PLANNED_ASSESSMENT,COMP-017,,GAP-USR-008-TARGET-COMP-017,PLANNED_NOT_PUBLISHED,Collect competency-wise evidence and recalculate,DERIVED,DERIVED,SRC-PROJECT,2026-09-06T14:52:00Z,2026-09-06T14:52:00Z
PATH-USR-009-01,PATH-USR-009,1,DIAGNOSTIC,ASSESSMENT,COMP-006,,GAP-USR-009-TARGET-COMP-006,REQUIRED,Collect evidence before calculating a gap,DERIVED,DERIVED,SRC-PROJECT,2026-09-06T14:52:00Z,2026-09-06T14:52:00Z
PATH-USR-009-02,PATH-USR-009,2,DIAGNOSTIC,ASSESSMENT,COMP-007,,GAP-USR-009-TARGET-COMP-007,REQUIRED,Collect evidence before calculating a gap,DERIVED,DERIVED,SRC-PROJECT,2026-09-06T14:52:00Z,2026-09-06T14:52:00Z
PATH-USR-009-03,PATH-USR-009,3,ADVANCED,CATALOGUE_GAP,COMP-SAMPLING,,GAP-USR-009-TARGET-COMP-SAMPLING,BLOCKED,No verified course for Sampling Methodology; obtain approved material,DERIVED,DERIVED,SRC-PROJECT,2026-09-06T14:52:00Z,2026-09-06T14:52:00Z
PATH-USR-009-04,PATH-USR-009,4,PRACTICAL,PLANNED_PRACTICE,COMP-SAMPLING,,GAP-USR-009-TARGET-COMP-SAMPLING,PLANNED_NOT_PUBLISHED,Trainer-reviewed practical task required; do not infer mastery from course completion,DERIVED,DERIVED,SRC-PROJECT,2026-09-06T14:52:00Z,2026-09-06T14:52:00Z
PATH-USR-009-05,PATH-USR-009,5,ASSESSMENT,PLANNED_ASSESSMENT,COMP-SAMPLING,,GAP-USR-009-TARGET-COMP-SAMPLING,PLANNED_NOT_PUBLISHED,Collect competency-wise evidence and recalculate,DERIVED,DERIVED,SRC-PROJECT,2026-09-06T14:52:00Z,2026-09-06T14:52:00Z
PATH-USR-011-01,PATH-USR-011,1,FOUNDATION,CATALOGUE_GAP,COMP-019,,GAP-USR-011-TARGET-COMP-019,BLOCKED,No verified course for Labour Statistics; obtain approved material,DERIVED,DERIVED,SRC-PROJECT,2026-09-06T14:52:00Z,2026-09-06T14:52:00Z
PATH-USR-011-02,PATH-USR-011,2,FOUNDATION,CATALOGUE_GAP,COMP-023,,GAP-USR-011-TARGET-COMP-023,BLOCKED,No verified course for Survey Design; obtain approved material,DERIVED,DERIVED,SRC-PROJECT,2026-09-06T14:52:00Z,2026-09-06T14:52:00Z
PATH-USR-011-03,PATH-USR-011,3,ADVANCED,CATALOGUE_GAP,COMP-003,,GAP-USR-011-TARGET-COMP-003,BLOCKED,No verified course for Critical Thinking; obtain approved material,DERIVED,DERIVED,SRC-PROJECT,2026-09-06T14:52:00Z,2026-09-06T14:52:00Z
PATH-USR-011-04,PATH-USR-011,4,ADVANCED,CATALOGUE_GAP,COMP-009,,GAP-USR-011-TARGET-COMP-009,BLOCKED,No verified course for Statistical Analysis; obtain approved material,DERIVED,DERIVED,SRC-PROJECT,2026-09-06T14:52:00Z,2026-09-06T14:52:00Z
PATH-USR-011-05,PATH-USR-011,5,ADVANCED,CATALOGUE_GAP,COMP-014,,GAP-USR-011-TARGET-COMP-014,BLOCKED,No verified course for Data Privacy and Disclosure Control; obtain approved material,DERIVED,DERIVED,SRC-PROJECT,2026-09-06T14:52:00Z,2026-09-06T14:52:00Z
PATH-USR-011-06,PATH-USR-011,6,ADVANCED,CATALOGUE_GAP,COMP-016,,GAP-USR-011-TARGET-COMP-016,BLOCKED,No verified course for Leadership; obtain approved material,DERIVED,DERIVED,SRC-PROJECT,2026-09-06T14:52:00Z,2026-09-06T14:52:00Z
PATH-USR-011-07,PATH-USR-011,7,ADVANCED,CATALOGUE_GAP,COMP-017,,GAP-USR-011-TARGET-COMP-017,BLOCKED,No verified course for Collaboration; obtain approved material,DERIVED,DERIVED,SRC-PROJECT,2026-09-06T14:52:00Z,2026-09-06T14:52:00Z
PATH-USR-011-08,PATH-USR-011,8,ADVANCED,CATALOGUE_GAP,COMP-018,,GAP-USR-011-TARGET-COMP-018,BLOCKED,No verified course for Strategic Thinking; obtain approved material,DERIVED,DERIVED,SRC-PROJECT,2026-09-06T14:52:00Z,2026-09-06T14:52:00Z
PATH-USR-011-09,PATH-USR-011,9,PRACTICAL,PLANNED_PRACTICE,COMP-003,,GAP-USR-011-TARGET-COMP-003,PLANNED_NOT_PUBLISHED,Trainer-reviewed practical task required; do not infer mastery from course completion,DERIVED,DERIVED,SRC-PROJECT,2026-09-06T14:52:00Z,2026-09-06T14:52:00Z
PATH-USR-011-10,PATH-USR-011,10,PRACTICAL,PLANNED_PRACTICE,COMP-009,,GAP-USR-011-TARGET-COMP-009,PLANNED_NOT_PUBLISHED,Trainer-reviewed practical task required; do not infer mastery from course completion,DERIVED,DERIVED,SRC-PROJECT,2026-09-06T14:52:00Z,2026-09-06T14:52:00Z
PATH-USR-011-11,PATH-USR-011,11,PRACTICAL,PLANNED_PRACTICE,COMP-014,,GAP-USR-011-TARGET-COMP-014,PLANNED_NOT_PUBLISHED,Trainer-reviewed practical task required; do not infer mastery from course completion,DERIVED,DERIVED,SRC-PROJECT,2026-09-06T14:52:00Z,2026-09-06T14:52:00Z
PATH-USR-011-12,PATH-USR-011,12,PRACTICAL,PLANNED_PRACTICE,COMP-016,,GAP-USR-011-TARGET-COMP-016,PLANNED_NOT_PUBLISHED,Trainer-reviewed practical task required; do not infer mastery from course completion,DERIVED,DERIVED,SRC-PROJECT,2026-09-06T14:52:00Z,2026-09-06T14:52:00Z
PATH-USR-011-13,PATH-USR-011,13,PRACTICAL,PLANNED_PRACTICE,COMP-017,,GAP-USR-011-TARGET-COMP-017,PLANNED_NOT_PUBLISHED,Trainer-reviewed practical task required; do not infer mastery from course completion,DERIVED,DERIVED,SRC-PROJECT,2026-09-06T14:52:00Z,2026-09-06T14:52:00Z
PATH-USR-011-14,PATH-USR-011,14,PRACTICAL,PLANNED_PRACTICE,COMP-018,,GAP-USR-011-TARGET-COMP-018,PLANNED_NOT_PUBLISHED,Trainer-reviewed practical task required; do not infer mastery from course completion,DERIVED,DERIVED,SRC-PROJECT,2026-09-06T14:52:00Z,2026-09-06T14:52:00Z
PATH-USR-011-15,PATH-USR-011,15,PRACTICAL,PLANNED_PRACTICE,COMP-019,,GAP-USR-011-TARGET-COMP-019,PLANNED_NOT_PUBLISHED,Trainer-reviewed practical task required; do not infer mastery from course completion,DERIVED,DERIVED,SRC-PROJECT,2026-09-06T14:52:00Z,2026-09-06T14:52:00Z
PATH-USR-011-16,PATH-USR-011,16,PRACTICAL,PLANNED_PRACTICE,COMP-023,,GAP-USR-011-TARGET-COMP-023,PLANNED_NOT_PUBLISHED,Trainer-reviewed practical task required; do not infer mastery from course completion,DERIVED,DERIVED,SRC-PROJECT,2026-09-06T14:52:00Z,2026-09-06T14:52:00Z
PATH-USR-011-17,PATH-USR-011,17,ASSESSMENT,PLANNED_ASSESSMENT,COMP-003,,GAP-USR-011-TARGET-COMP-003,PLANNED_NOT_PUBLISHED,Collect competency-wise evidence and recalculate,DERIVED,DERIVED,SRC-PROJECT,2026-09-06T14:52:00Z,2026-09-06T14:52:00Z
PATH-USR-011-18,PATH-USR-011,18,ASSESSMENT,PLANNED_ASSESSMENT,COMP-009,,GAP-USR-011-TARGET-COMP-009,PLANNED_NOT_PUBLISHED,Collect competency-wise evidence and recalculate,DERIVED,DERIVED,SRC-PROJECT,2026-09-06T14:52:00Z,2026-09-06T14:52:00Z
PATH-USR-011-19,PATH-USR-011,19,ASSESSMENT,PLANNED_ASSESSMENT,COMP-014,,GAP-USR-011-TARGET-COMP-014,PLANNED_NOT_PUBLISHED,Collect competency-wise evidence and recalculate,DERIVED,DERIVED,SRC-PROJECT,2026-09-06T14:52:00Z,2026-09-06T14:52:00Z
PATH-USR-011-20,PATH-USR-011,20,ASSESSMENT,PLANNED_ASSESSMENT,COMP-016,,GAP-USR-011-TARGET-COMP-016,PLANNED_NOT_PUBLISHED,Collect competency-wise evidence and recalculate,DERIVED,DERIVED,SRC-PROJECT,2026-09-06T14:52:00Z,2026-09-06T14:52:00Z
PATH-USR-011-21,PATH-USR-011,21,ASSESSMENT,PLANNED_ASSESSMENT,COMP-017,,GAP-USR-011-TARGET-COMP-017,PLANNED_NOT_PUBLISHED,Collect competency-wise evidence and recalculate,DERIVED,DERIVED,SRC-PROJECT,2026-09-06T14:52:00Z,2026-09-06T14:52:00Z
PATH-USR-011-22,PATH-USR-011,22,ASSESSMENT,PLANNED_ASSESSMENT,COMP-018,,GAP-USR-011-TARGET-COMP-018,PLANNED_NOT_PUBLISHED,Collect competency-wise evidence and recalculate,DERIVED,DERIVED,SRC-PROJECT,2026-09-06T14:52:00Z,2026-09-06T14:52:00Z
PATH-USR-011-23,PATH-USR-011,23,ASSESSMENT,PLANNED_ASSESSMENT,COMP-019,,GAP-USR-011-TARGET-COMP-019,PLANNED_NOT_PUBLISHED,Collect competency-wise evidence and recalculate,DERIVED,DERIVED,SRC-PROJECT,2026-09-06T14:52:00Z,2026-09-06T14:52:00Z
PATH-USR-011-24,PATH-USR-011,24,ASSESSMENT,PLANNED_ASSESSMENT,COMP-023,,GAP-USR-011-TARGET-COMP-023,PLANNED_NOT_PUBLISHED,Collect competency-wise evidence and recalculate,DERIVED,DERIVED,SRC-PROJECT,2026-09-06T14:52:00Z,2026-09-06T14:52:00Z
PATH-USR-012-01,PATH-USR-012,1,FOUNDATION,CATALOGUE_GAP,COMP-004,,GAP-USR-012-TARGET-COMP-004,BLOCKED,No verified course for Survey Data Collection; obtain approved material,DERIVED,DERIVED,SRC-PROJECT,2026-09-06T14:52:00Z,2026-09-06T14:52:00Z
PATH-USR-012-02,PATH-USR-012,2,FOUNDATION,CATALOGUE_GAP,COMP-020,,GAP-USR-012-TARGET-COMP-020,BLOCKED,No verified course for Agricultural Statistics; obtain approved material,DERIVED,DERIVED,SRC-PROJECT,2026-09-06T14:52:00Z,2026-09-06T14:52:00Z
PATH-USR-012-03,PATH-USR-012,3,FOUNDATION,CATALOGUE_GAP,COMP-023,,GAP-USR-012-TARGET-COMP-023,BLOCKED,No verified course for Survey Design; obtain approved material,DERIVED,DERIVED,SRC-PROJECT,2026-09-06T14:52:00Z,2026-09-06T14:52:00Z
PATH-USR-012-04,PATH-USR-012,4,FOUNDATION,CATALOGUE_GAP,COMP-028,,GAP-USR-012-TARGET-COMP-028,BLOCKED,No verified course for Data Visualization; obtain approved material,DERIVED,DERIVED,SRC-PROJECT,2026-09-06T14:52:00Z,2026-09-06T14:52:00Z
PATH-USR-012-05,PATH-USR-012,5,ADVANCED,CATALOGUE_GAP,COMP-003,,GAP-USR-012-TARGET-COMP-003,BLOCKED,No verified course for Critical Thinking; obtain approved material,DERIVED,DERIVED,SRC-PROJECT,2026-09-06T14:52:00Z,2026-09-06T14:52:00Z
PATH-USR-012-06,PATH-USR-012,6,ADVANCED,CATALOGUE_GAP,COMP-009,,GAP-USR-012-TARGET-COMP-009,BLOCKED,No verified course for Statistical Analysis; obtain approved material,DERIVED,DERIVED,SRC-PROJECT,2026-09-06T14:52:00Z,2026-09-06T14:52:00Z
PATH-USR-012-07,PATH-USR-012,7,ADVANCED,CATALOGUE_GAP,COMP-014,,GAP-USR-012-TARGET-COMP-014,BLOCKED,No verified course for Data Privacy and Disclosure Control; obtain approved material,DERIVED,DERIVED,SRC-PROJECT,2026-09-06T14:52:00Z,2026-09-06T14:52:00Z
PATH-USR-012-08,PATH-USR-012,8,ADVANCED,CATALOGUE_GAP,COMP-016,,GAP-USR-012-TARGET-COMP-016,BLOCKED,No verified course for Leadership; obtain approved material,DERIVED,DERIVED,SRC-PROJECT,2026-09-06T14:52:00Z,2026-09-06T14:52:00Z
PATH-USR-012-09,PATH-USR-012,9,ADVANCED,CATALOGUE_GAP,COMP-017,,GAP-USR-012-TARGET-COMP-017,BLOCKED,No verified course for Collaboration; obtain approved material,DERIVED,DERIVED,SRC-PROJECT,2026-09-06T14:52:00Z,2026-09-06T14:52:00Z
PATH-USR-012-10,PATH-USR-012,10,ADVANCED,CATALOGUE_GAP,COMP-018,,GAP-USR-012-TARGET-COMP-018,BLOCKED,No verified course for Strategic Thinking; obtain approved material,DERIVED,DERIVED,SRC-PROJECT,2026-09-06T14:52:00Z,2026-09-06T14:52:00Z
PATH-USR-012-11,PATH-USR-012,11,PRACTICAL,PLANNED_PRACTICE,COMP-003,,GAP-USR-012-TARGET-COMP-003,PLANNED_NOT_PUBLISHED,Trainer-reviewed practical task required; do not infer mastery from course completion,DERIVED,DERIVED,SRC-PROJECT,2026-09-06T14:52:00Z,2026-09-06T14:52:00Z
PATH-USR-012-12,PATH-USR-012,12,PRACTICAL,PLANNED_PRACTICE,COMP-004,,GAP-USR-012-TARGET-COMP-004,PLANNED_NOT_PUBLISHED,Trainer-reviewed practical task required; do not infer mastery from course completion,DERIVED,DERIVED,SRC-PROJECT,2026-09-06T14:52:00Z,2026-09-06T14:52:00Z
PATH-USR-012-13,PATH-USR-012,13,PRACTICAL,PLANNED_PRACTICE,COMP-009,,GAP-USR-012-TARGET-COMP-009,PLANNED_NOT_PUBLISHED,Trainer-reviewed practical task required; do not infer mastery from course completion,DERIVED,DERIVED,SRC-PROJECT,2026-09-06T14:52:00Z,2026-09-06T14:52:00Z
PATH-USR-012-14,PATH-USR-012,14,PRACTICAL,PLANNED_PRACTICE,COMP-014,,GAP-USR-012-TARGET-COMP-014,PLANNED_NOT_PUBLISHED,Trainer-reviewed practical task required; do not infer mastery from course completion,DERIVED,DERIVED,SRC-PROJECT,2026-09-06T14:52:00Z,2026-09-06T14:52:00Z
PATH-USR-012-15,PATH-USR-012,15,PRACTICAL,PLANNED_PRACTICE,COMP-016,,GAP-USR-012-TARGET-COMP-016,PLANNED_NOT_PUBLISHED,Trainer-reviewed practical task required; do not infer mastery from course completion,DERIVED,DERIVED,SRC-PROJECT,2026-09-06T14:52:00Z,2026-09-06T14:52:00Z
PATH-USR-012-16,PATH-USR-012,16,PRACTICAL,PLANNED_PRACTICE,COMP-017,,GAP-USR-012-TARGET-COMP-017,PLANNED_NOT_PUBLISHED,Trainer-reviewed practical task required; do not infer mastery from course completion,DERIVED,DERIVED,SRC-PROJECT,2026-09-06T14:52:00Z,2026-09-06T14:52:00Z
PATH-USR-012-17,PATH-USR-012,17,PRACTICAL,PLANNED_PRACTICE,COMP-018,,GAP-USR-012-TARGET-COMP-018,PLANNED_NOT_PUBLISHED,Trainer-reviewed practical task required; do not infer mastery from course completion,DERIVED,DERIVED,SRC-PROJECT,2026-09-06T14:52:00Z,2026-09-06T14:52:00Z
PATH-USR-012-18,PATH-USR-012,18,PRACTICAL,PLANNED_PRACTICE,COMP-020,,GAP-USR-012-TARGET-COMP-020,PLANNED_NOT_PUBLISHED,Trainer-reviewed practical task required; do not infer mastery from course completion,DERIVED,DERIVED,SRC-PROJECT,2026-09-06T14:52:00Z,2026-09-06T14:52:00Z
PATH-USR-012-19,PATH-USR-012,19,PRACTICAL,PLANNED_PRACTICE,COMP-023,,GAP-USR-012-TARGET-COMP-023,PLANNED_NOT_PUBLISHED,Trainer-reviewed practical task required; do not infer mastery from course completion,DERIVED,DERIVED,SRC-PROJECT,2026-09-06T14:52:00Z,2026-09-06T14:52:00Z
PATH-USR-012-20,PATH-USR-012,20,PRACTICAL,PLANNED_PRACTICE,COMP-028,,GAP-USR-012-TARGET-COMP-028,PLANNED_NOT_PUBLISHED,Trainer-reviewed practical task required; do not infer mastery from course completion,DERIVED,DERIVED,SRC-PROJECT,2026-09-06T14:52:00Z,2026-09-06T14:52:00Z
PATH-USR-012-21,PATH-USR-012,21,ASSESSMENT,PLANNED_ASSESSMENT,COMP-003,,GAP-USR-012-TARGET-COMP-003,PLANNED_NOT_PUBLISHED,Collect competency-wise evidence and recalculate,DERIVED,DERIVED,SRC-PROJECT,2026-09-06T14:52:00Z,2026-09-06T14:52:00Z
PATH-USR-012-22,PATH-USR-012,22,ASSESSMENT,PLANNED_ASSESSMENT,COMP-004,,GAP-USR-012-TARGET-COMP-004,PLANNED_NOT_PUBLISHED,Collect competency-wise evidence and recalculate,DERIVED,DERIVED,SRC-PROJECT,2026-09-06T14:52:00Z,2026-09-06T14:52:00Z
PATH-USR-012-23,PATH-USR-012,23,ASSESSMENT,PLANNED_ASSESSMENT,COMP-009,,GAP-USR-012-TARGET-COMP-009,PLANNED_NOT_PUBLISHED,Collect competency-wise evidence and recalculate,DERIVED,DERIVED,SRC-PROJECT,2026-09-06T14:52:00Z,2026-09-06T14:52:00Z
PATH-USR-012-24,PATH-USR-012,24,ASSESSMENT,PLANNED_ASSESSMENT,COMP-014,,GAP-USR-012-TARGET-COMP-014,PLANNED_NOT_PUBLISHED,Collect competency-wise evidence and recalculate,DERIVED,DERIVED,SRC-PROJECT,2026-09-06T14:52:00Z,2026-09-06T14:52:00Z
PATH-USR-012-25,PATH-USR-012,25,ASSESSMENT,PLANNED_ASSESSMENT,COMP-016,,GAP-USR-012-TARGET-COMP-016,PLANNED_NOT_PUBLISHED,Collect competency-wise evidence and recalculate,DERIVED,DERIVED,SRC-PROJECT,2026-09-06T14:52:00Z,2026-09-06T14:52:00Z
PATH-USR-012-26,PATH-USR-012,26,ASSESSMENT,PLANNED_ASSESSMENT,COMP-017,,GAP-USR-012-TARGET-COMP-017,PLANNED_NOT_PUBLISHED,Collect competency-wise evidence and recalculate,DERIVED,DERIVED,SRC-PROJECT,2026-09-06T14:52:00Z,2026-09-06T14:52:00Z
PATH-USR-012-27,PATH-USR-012,27,ASSESSMENT,PLANNED_ASSESSMENT,COMP-018,,GAP-USR-012-TARGET-COMP-018,PLANNED_NOT_PUBLISHED,Collect competency-wise evidence and recalculate,DERIVED,DERIVED,SRC-PROJECT,2026-09-06T14:52:00Z,2026-09-06T14:52:00Z
PATH-USR-012-28,PATH-USR-012,28,ASSESSMENT,PLANNED_ASSESSMENT,COMP-020,,GAP-USR-012-TARGET-COMP-020,PLANNED_NOT_PUBLISHED,Collect competency-wise evidence and recalculate,DERIVED,DERIVED,SRC-PROJECT,2026-09-06T14:52:00Z,2026-09-06T14:52:00Z
PATH-USR-012-29,PATH-USR-012,29,ASSESSMENT,PLANNED_ASSESSMENT,COMP-023,,GAP-USR-012-TARGET-COMP-023,PLANNED_NOT_PUBLISHED,Collect competency-wise evidence and recalculate,DERIVED,DERIVED,SRC-PROJECT,2026-09-06T14:52:00Z,2026-09-06T14:52:00Z
PATH-USR-012-30,PATH-USR-012,30,ASSESSMENT,PLANNED_ASSESSMENT,COMP-028,,GAP-USR-012-TARGET-COMP-028,PLANNED_NOT_PUBLISHED,Collect competency-wise evidence and recalculate,DERIVED,DERIVED,SRC-PROJECT,2026-09-06T14:52:00Z,2026-09-06T14:52:00Z
PATH-USR-013-01,PATH-USR-013,1,FOUNDATION,CATALOGUE_GAP,COMP-021,,GAP-USR-013-TARGET-COMP-021,BLOCKED,No verified course for SDG Indicators; obtain approved material,DERIVED,DERIVED,SRC-PROJECT,2026-09-06T14:52:00Z,2026-09-06T14:52:00Z
PATH-USR-013-02,PATH-USR-013,2,FOUNDATION,CATALOGUE_GAP,COMP-024,,GAP-USR-013-TARGET-COMP-024,BLOCKED,No verified course for Metadata Standards; obtain approved material,DERIVED,DERIVED,SRC-PROJECT,2026-09-06T14:52:00Z,2026-09-06T14:52:00Z
PATH-USR-013-03,PATH-USR-013,3,FOUNDATION,CATALOGUE_GAP,COMP-028,,GAP-USR-013-TARGET-COMP-028,BLOCKED,No verified course for Data Visualization; obtain approved material,DERIVED,DERIVED,SRC-PROJECT,2026-09-06T14:52:00Z,2026-09-06T14:52:00Z
PATH-USR-013-04,PATH-USR-013,4,INTERMEDIATE,IGOT_COURSE,COMP-013,CRS-002,GAP-USR-013-TARGET-COMP-013,IN_PROGRESS,Resume on iGOT,DERIVED,DERIVED,SRC-PROJECT,2026-09-06T14:52:00Z,2026-09-06T14:52:00Z
PATH-USR-013-05,PATH-USR-013,5,ADVANCED,CATALOGUE_GAP,COMP-003,,GAP-USR-013-TARGET-COMP-003,BLOCKED,No verified course for Critical Thinking; obtain approved material,DERIVED,DERIVED,SRC-PROJECT,2026-09-06T14:52:00Z,2026-09-06T14:52:00Z
PATH-USR-013-06,PATH-USR-013,6,ADVANCED,CATALOGUE_GAP,COMP-009,,GAP-USR-013-TARGET-COMP-009,BLOCKED,No verified course for Statistical Analysis; obtain approved material,DERIVED,DERIVED,SRC-PROJECT,2026-09-06T14:52:00Z,2026-09-06T14:52:00Z
PATH-USR-013-07,PATH-USR-013,7,ADVANCED,CATALOGUE_GAP,COMP-014,,GAP-USR-013-TARGET-COMP-014,BLOCKED,No verified course for Data Privacy and Disclosure Control; obtain approved material,DERIVED,DERIVED,SRC-PROJECT,2026-09-06T14:52:00Z,2026-09-06T14:52:00Z
PATH-USR-013-08,PATH-USR-013,8,ADVANCED,CATALOGUE_GAP,COMP-016,,GAP-USR-013-TARGET-COMP-016,BLOCKED,No verified course for Leadership; obtain approved material,DERIVED,DERIVED,SRC-PROJECT,2026-09-06T14:52:00Z,2026-09-06T14:52:00Z
PATH-USR-013-09,PATH-USR-013,9,ADVANCED,CATALOGUE_GAP,COMP-017,,GAP-USR-013-TARGET-COMP-017,BLOCKED,No verified course for Collaboration; obtain approved material,DERIVED,DERIVED,SRC-PROJECT,2026-09-06T14:52:00Z,2026-09-06T14:52:00Z
PATH-USR-013-10,PATH-USR-013,10,ADVANCED,CATALOGUE_GAP,COMP-018,,GAP-USR-013-TARGET-COMP-018,BLOCKED,No verified course for Strategic Thinking; obtain approved material,DERIVED,DERIVED,SRC-PROJECT,2026-09-06T14:52:00Z,2026-09-06T14:52:00Z
PATH-USR-013-11,PATH-USR-013,11,ADVANCED,CATALOGUE_GAP,COMP-022,,GAP-USR-013-TARGET-COMP-022,BLOCKED,No verified course for Data Quality Frameworks; obtain approved material,DERIVED,DERIVED,SRC-PROJECT,2026-09-06T14:52:00Z,2026-09-06T14:52:00Z
PATH-USR-013-12,PATH-USR-013,12,PRACTICAL,PLANNED_PRACTICE,COMP-003,,GAP-USR-013-TARGET-COMP-003,PLANNED_NOT_PUBLISHED,Trainer-reviewed practical task required; do not infer mastery from course completion,DERIVED,DERIVED,SRC-PROJECT,2026-09-06T14:52:00Z,2026-09-06T14:52:00Z
PATH-USR-013-13,PATH-USR-013,13,PRACTICAL,PLANNED_PRACTICE,COMP-009,,GAP-USR-013-TARGET-COMP-009,PLANNED_NOT_PUBLISHED,Trainer-reviewed practical task required; do not infer mastery from course completion,DERIVED,DERIVED,SRC-PROJECT,2026-09-06T14:52:00Z,2026-09-06T14:52:00Z
PATH-USR-013-14,PATH-USR-013,14,PRACTICAL,PLANNED_PRACTICE,COMP-013,,GAP-USR-013-TARGET-COMP-013,PLANNED_NOT_PUBLISHED,Trainer-reviewed practical task required; do not infer mastery from course completion,DERIVED,DERIVED,SRC-PROJECT,2026-09-06T14:52:00Z,2026-09-06T14:52:00Z
PATH-USR-013-15,PATH-USR-013,15,PRACTICAL,PLANNED_PRACTICE,COMP-014,,GAP-USR-013-TARGET-COMP-014,PLANNED_NOT_PUBLISHED,Trainer-reviewed practical task required; do not infer mastery from course completion,DERIVED,DERIVED,SRC-PROJECT,2026-09-06T14:52:00Z,2026-09-06T14:52:00Z
PATH-USR-013-16,PATH-USR-013,16,PRACTICAL,PLANNED_PRACTICE,COMP-016,,GAP-USR-013-TARGET-COMP-016,PLANNED_NOT_PUBLISHED,Trainer-reviewed practical task required; do not infer mastery from course completion,DERIVED,DERIVED,SRC-PROJECT,2026-09-06T14:52:00Z,2026-09-06T14:52:00Z
PATH-USR-013-17,PATH-USR-013,17,PRACTICAL,PLANNED_PRACTICE,COMP-017,,GAP-USR-013-TARGET-COMP-017,PLANNED_NOT_PUBLISHED,Trainer-reviewed practical task required; do not infer mastery from course completion,DERIVED,DERIVED,SRC-PROJECT,2026-09-06T14:52:00Z,2026-09-06T14:52:00Z
PATH-USR-013-18,PATH-USR-013,18,PRACTICAL,PLANNED_PRACTICE,COMP-018,,GAP-USR-013-TARGET-COMP-018,PLANNED_NOT_PUBLISHED,Trainer-reviewed practical task required; do not infer mastery from course completion,DERIVED,DERIVED,SRC-PROJECT,2026-09-06T14:52:00Z,2026-09-06T14:52:00Z
PATH-USR-013-19,PATH-USR-013,19,PRACTICAL,PLANNED_PRACTICE,COMP-021,,GAP-USR-013-TARGET-COMP-021,PLANNED_NOT_PUBLISHED,Trainer-reviewed practical task required; do not infer mastery from course completion,DERIVED,DERIVED,SRC-PROJECT,2026-09-06T14:52:00Z,2026-09-06T14:52:00Z
PATH-USR-013-20,PATH-USR-013,20,PRACTICAL,PLANNED_PRACTICE,COMP-022,,GAP-USR-013-TARGET-COMP-022,PLANNED_NOT_PUBLISHED,Trainer-reviewed practical task required; do not infer mastery from course completion,DERIVED,DERIVED,SRC-PROJECT,2026-09-06T14:52:00Z,2026-09-06T14:52:00Z
PATH-USR-013-21,PATH-USR-013,21,PRACTICAL,PLANNED_PRACTICE,COMP-024,,GAP-USR-013-TARGET-COMP-024,PLANNED_NOT_PUBLISHED,Trainer-reviewed practical task required; do not infer mastery from course completion,DERIVED,DERIVED,SRC-PROJECT,2026-09-06T14:52:00Z,2026-09-06T14:52:00Z
PATH-USR-013-22,PATH-USR-013,22,PRACTICAL,PLANNED_PRACTICE,COMP-028,,GAP-USR-013-TARGET-COMP-028,PLANNED_NOT_PUBLISHED,Trainer-reviewed practical task required; do not infer mastery from course completion,DERIVED,DERIVED,SRC-PROJECT,2026-09-06T14:52:00Z,2026-09-06T14:52:00Z
PATH-USR-013-23,PATH-USR-013,23,ASSESSMENT,PLANNED_ASSESSMENT,COMP-003,,GAP-USR-013-TARGET-COMP-003,PLANNED_NOT_PUBLISHED,Collect competency-wise evidence and recalculate,DERIVED,DERIVED,SRC-PROJECT,2026-09-06T14:52:00Z,2026-09-06T14:52:00Z
PATH-USR-013-24,PATH-USR-013,24,ASSESSMENT,PLANNED_ASSESSMENT,COMP-009,,GAP-USR-013-TARGET-COMP-009,PLANNED_NOT_PUBLISHED,Collect competency-wise evidence and recalculate,DERIVED,DERIVED,SRC-PROJECT,2026-09-06T14:52:00Z,2026-09-06T14:52:00Z
PATH-USR-013-25,PATH-USR-013,25,ASSESSMENT,PLANNED_ASSESSMENT,COMP-013,,GAP-USR-013-TARGET-COMP-013,PLANNED_NOT_PUBLISHED,Collect competency-wise evidence and recalculate,DERIVED,DERIVED,SRC-PROJECT,2026-09-06T14:52:00Z,2026-09-06T14:52:00Z
PATH-USR-013-26,PATH-USR-013,26,ASSESSMENT,PLANNED_ASSESSMENT,COMP-014,,GAP-USR-013-TARGET-COMP-014,PLANNED_NOT_PUBLISHED,Collect competency-wise evidence and recalculate,DERIVED,DERIVED,SRC-PROJECT,2026-09-06T14:52:00Z,2026-09-06T14:52:00Z
PATH-USR-013-27,PATH-USR-013,27,ASSESSMENT,PLANNED_ASSESSMENT,COMP-016,,GAP-USR-013-TARGET-COMP-016,PLANNED_NOT_PUBLISHED,Collect competency-wise evidence and recalculate,DERIVED,DERIVED,SRC-PROJECT,2026-09-06T14:52:00Z,2026-09-06T14:52:00Z
PATH-USR-013-28,PATH-USR-013,28,ASSESSMENT,PLANNED_ASSESSMENT,COMP-017,,GAP-USR-013-TARGET-COMP-017,PLANNED_NOT_PUBLISHED,Collect competency-wise evidence and recalculate,DERIVED,DERIVED,SRC-PROJECT,2026-09-06T14:52:00Z,2026-09-06T14:52:00Z
PATH-USR-013-29,PATH-USR-013,29,ASSESSMENT,PLANNED_ASSESSMENT,COMP-018,,GAP-USR-013-TARGET-COMP-018,PLANNED_NOT_PUBLISHED,Collect competency-wise evidence and recalculate,DERIVED,DERIVED,SRC-PROJECT,2026-09-06T14:52:00Z,2026-09-06T14:52:00Z
PATH-USR-013-30,PATH-USR-013,30,ASSESSMENT,PLANNED_ASSESSMENT,COMP-021,,GAP-USR-013-TARGET-COMP-021,PLANNED_NOT_PUBLISHED,Collect competency-wise evidence and recalculate,DERIVED,DERIVED,SRC-PROJECT,2026-09-06T14:52:00Z,2026-09-06T14:52:00Z
PATH-USR-013-31,PATH-USR-013,31,ASSESSMENT,PLANNED_ASSESSMENT,COMP-022,,GAP-USR-013-TARGET-COMP-022,PLANNED_NOT_PUBLISHED,Collect competency-wise evidence and recalculate,DERIVED,DERIVED,SRC-PROJECT,2026-09-06T14:52:00Z,2026-09-06T14:52:00Z
PATH-USR-013-32,PATH-USR-013,32,ASSESSMENT,PLANNED_ASSESSMENT,COMP-024,,GAP-USR-013-TARGET-COMP-024,PLANNED_NOT_PUBLISHED,Collect competency-wise evidence and recalculate,DERIVED,DERIVED,SRC-PROJECT,2026-09-06T14:52:00Z,2026-09-06T14:52:00Z
PATH-USR-013-33,PATH-USR-013,33,ASSESSMENT,PLANNED_ASSESSMENT,COMP-028,,GAP-USR-013-TARGET-COMP-028,PLANNED_NOT_PUBLISHED,Collect competency-wise evidence and recalculate,DERIVED,DERIVED,SRC-PROJECT,2026-09-06T14:52:00Z,2026-09-06T14:52:00Z
PATH-USR-014-01,PATH-USR-014,1,FOUNDATION,CATALOGUE_GAP,COMP-022,,GAP-USR-014-TARGET-COMP-022,BLOCKED,No verified course for Data Quality Frameworks; obtain approved material,DERIVED,DERIVED,SRC-PROJECT,2026-09-06T14:52:00Z,2026-09-06T14:52:00Z
PATH-USR-014-02,PATH-USR-014,2,ADVANCED,CATALOGUE_GAP,COMP-003,,GAP-USR-014-TARGET-COMP-003,BLOCKED,No verified course for Critical Thinking; obtain approved material,DERIVED,DERIVED,SRC-PROJECT,2026-09-06T14:52:00Z,2026-09-06T14:52:00Z
PATH-USR-014-03,PATH-USR-014,3,ADVANCED,CATALOGUE_GAP,COMP-009,,GAP-USR-014-TARGET-COMP-009,BLOCKED,No verified course for Statistical Analysis; obtain approved material,DERIVED,DERIVED,SRC-PROJECT,2026-09-06T14:52:00Z,2026-09-06T14:52:00Z
PATH-USR-014-04,PATH-USR-014,4,ADVANCED,CATALOGUE_GAP,COMP-014,,GAP-USR-014-TARGET-COMP-014,BLOCKED,No verified course for Data Privacy and Disclosure Control; obtain approved material,DERIVED,DERIVED,SRC-PROJECT,2026-09-06T14:52:00Z,2026-09-06T14:52:00Z
PATH-USR-014-05,PATH-USR-014,5,ADVANCED,CATALOGUE_GAP,COMP-016,,GAP-USR-014-TARGET-COMP-016,BLOCKED,No verified course for Leadership; obtain approved material,DERIVED,DERIVED,SRC-PROJECT,2026-09-06T14:52:00Z,2026-09-06T14:52:00Z
PATH-USR-014-06,PATH-USR-014,6,ADVANCED,CATALOGUE_GAP,COMP-017,,GAP-USR-014-TARGET-COMP-017,BLOCKED,No verified course for Collaboration; obtain approved material,DERIVED,DERIVED,SRC-PROJECT,2026-09-06T14:52:00Z,2026-09-06T14:52:00Z
PATH-USR-014-07,PATH-USR-014,7,ADVANCED,CATALOGUE_GAP,COMP-018,,GAP-USR-014-TARGET-COMP-018,BLOCKED,No verified course for Strategic Thinking; obtain approved material,DERIVED,DERIVED,SRC-PROJECT,2026-09-06T14:52:00Z,2026-09-06T14:52:00Z
PATH-USR-014-08,PATH-USR-014,8,ADVANCED,CATALOGUE_GAP,COMP-024,,GAP-USR-014-TARGET-COMP-024,BLOCKED,No verified course for Metadata Standards; obtain approved material,DERIVED,DERIVED,SRC-PROJECT,2026-09-06T14:52:00Z,2026-09-06T14:52:00Z
PATH-USR-014-09,PATH-USR-014,9,PRACTICAL,PLANNED_PRACTICE,COMP-003,,GAP-USR-014-TARGET-COMP-003,PLANNED_NOT_PUBLISHED,Trainer-reviewed practical task required; do not infer mastery from course completion,DERIVED,DERIVED,SRC-PROJECT,2026-09-06T14:52:00Z,2026-09-06T14:52:00Z
PATH-USR-014-10,PATH-USR-014,10,PRACTICAL,PLANNED_PRACTICE,COMP-009,,GAP-USR-014-TARGET-COMP-009,PLANNED_NOT_PUBLISHED,Trainer-reviewed practical task required; do not infer mastery from course completion,DERIVED,DERIVED,SRC-PROJECT,2026-09-06T14:52:00Z,2026-09-06T14:52:00Z
PATH-USR-014-11,PATH-USR-014,11,PRACTICAL,PLANNED_PRACTICE,COMP-014,,GAP-USR-014-TARGET-COMP-014,PLANNED_NOT_PUBLISHED,Trainer-reviewed practical task required; do not infer mastery from course completion,DERIVED,DERIVED,SRC-PROJECT,2026-09-06T14:52:00Z,2026-09-06T14:52:00Z
PATH-USR-014-12,PATH-USR-014,12,PRACTICAL,PLANNED_PRACTICE,COMP-016,,GAP-USR-014-TARGET-COMP-016,PLANNED_NOT_PUBLISHED,Trainer-reviewed practical task required; do not infer mastery from course completion,DERIVED,DERIVED,SRC-PROJECT,2026-09-06T14:52:00Z,2026-09-06T14:52:00Z
PATH-USR-014-13,PATH-USR-014,13,PRACTICAL,PLANNED_PRACTICE,COMP-017,,GAP-USR-014-TARGET-COMP-017,PLANNED_NOT_PUBLISHED,Trainer-reviewed practical task required; do not infer mastery from course completion,DERIVED,DERIVED,SRC-PROJECT,2026-09-06T14:52:00Z,2026-09-06T14:52:00Z
PATH-USR-014-14,PATH-USR-014,14,PRACTICAL,PLANNED_PRACTICE,COMP-018,,GAP-USR-014-TARGET-COMP-018,PLANNED_NOT_PUBLISHED,Trainer-reviewed practical task required; do not infer mastery from course completion,DERIVED,DERIVED,SRC-PROJECT,2026-09-06T14:52:00Z,2026-09-06T14:52:00Z
PATH-USR-014-15,PATH-USR-014,15,PRACTICAL,PLANNED_PRACTICE,COMP-022,,GAP-USR-014-TARGET-COMP-022,PLANNED_NOT_PUBLISHED,Trainer-reviewed practical task required; do not infer mastery from course completion,DERIVED,DERIVED,SRC-PROJECT,2026-09-06T14:52:00Z,2026-09-06T14:52:00Z
PATH-USR-014-16,PATH-USR-014,16,PRACTICAL,PLANNED_PRACTICE,COMP-024,,GAP-USR-014-TARGET-COMP-024,PLANNED_NOT_PUBLISHED,Trainer-reviewed practical task required; do not infer mastery from course completion,DERIVED,DERIVED,SRC-PROJECT,2026-09-06T14:52:00Z,2026-09-06T14:52:00Z
PATH-USR-014-17,PATH-USR-014,17,ASSESSMENT,PLANNED_ASSESSMENT,COMP-003,,GAP-USR-014-TARGET-COMP-003,PLANNED_NOT_PUBLISHED,Collect competency-wise evidence and recalculate,DERIVED,DERIVED,SRC-PROJECT,2026-09-06T14:52:00Z,2026-09-06T14:52:00Z
PATH-USR-014-18,PATH-USR-014,18,ASSESSMENT,PLANNED_ASSESSMENT,COMP-009,,GAP-USR-014-TARGET-COMP-009,PLANNED_NOT_PUBLISHED,Collect competency-wise evidence and recalculate,DERIVED,DERIVED,SRC-PROJECT,2026-09-06T14:52:00Z,2026-09-06T14:52:00Z
PATH-USR-014-19,PATH-USR-014,19,ASSESSMENT,PLANNED_ASSESSMENT,COMP-014,,GAP-USR-014-TARGET-COMP-014,PLANNED_NOT_PUBLISHED,Collect competency-wise evidence and recalculate,DERIVED,DERIVED,SRC-PROJECT,2026-09-06T14:52:00Z,2026-09-06T14:52:00Z
PATH-USR-014-20,PATH-USR-014,20,ASSESSMENT,PLANNED_ASSESSMENT,COMP-016,,GAP-USR-014-TARGET-COMP-016,PLANNED_NOT_PUBLISHED,Collect competency-wise evidence and recalculate,DERIVED,DERIVED,SRC-PROJECT,2026-09-06T14:52:00Z,2026-09-06T14:52:00Z
PATH-USR-014-21,PATH-USR-014,21,ASSESSMENT,PLANNED_ASSESSMENT,COMP-017,,GAP-USR-014-TARGET-COMP-017,PLANNED_NOT_PUBLISHED,Collect competency-wise evidence and recalculate,DERIVED,DERIVED,SRC-PROJECT,2026-09-06T14:52:00Z,2026-09-06T14:52:00Z
PATH-USR-014-22,PATH-USR-014,22,ASSESSMENT,PLANNED_ASSESSMENT,COMP-018,,GAP-USR-014-TARGET-COMP-018,PLANNED_NOT_PUBLISHED,Collect competency-wise evidence and recalculate,DERIVED,DERIVED,SRC-PROJECT,2026-09-06T14:52:00Z,2026-09-06T14:52:00Z
PATH-USR-014-23,PATH-USR-014,23,ASSESSMENT,PLANNED_ASSESSMENT,COMP-022,,GAP-USR-014-TARGET-COMP-022,PLANNED_NOT_PUBLISHED,Collect competency-wise evidence and recalculate,DERIVED,DERIVED,SRC-PROJECT,2026-09-06T14:52:00Z,2026-09-06T14:52:00Z
PATH-USR-014-24,PATH-USR-014,24,ASSESSMENT,PLANNED_ASSESSMENT,COMP-024,,GAP-USR-014-TARGET-COMP-024,PLANNED_NOT_PUBLISHED,Collect competency-wise evidence and recalculate,DERIVED,DERIVED,SRC-PROJECT,2026-09-06T14:52:00Z,2026-09-06T14:52:00Z
PATH-USR-015-01,PATH-USR-015,1,FOUNDATION,CATALOGUE_GAP,COMP-025,,GAP-USR-015-TARGET-COMP-025,BLOCKED,No verified course for Python; obtain approved material,DERIVED,DERIVED,SRC-PROJECT,2026-09-06T14:52:00Z,2026-09-06T14:52:00Z
PATH-USR-015-02,PATH-USR-015,2,FOUNDATION,CATALOGUE_GAP,COMP-028,,GAP-USR-015-TARGET-COMP-028,BLOCKED,No verified course for Data Visualization; obtain approved material,DERIVED,DERIVED,SRC-PROJECT,2026-09-06T14:52:00Z,2026-09-06T14:52:00Z
PATH-USR-015-03,PATH-USR-015,3,FOUNDATION,CATALOGUE_GAP,COMP-029,,GAP-USR-015-TARGET-COMP-029,BLOCKED,No verified course for AI/ML; obtain approved material,DERIVED,DERIVED,SRC-PROJECT,2026-09-06T14:52:00Z,2026-09-06T14:52:00Z
PATH-USR-015-04,PATH-USR-015,4,ADVANCED,CATALOGUE_GAP,COMP-003,,GAP-USR-015-TARGET-COMP-003,BLOCKED,No verified course for Critical Thinking; obtain approved material,DERIVED,DERIVED,SRC-PROJECT,2026-09-06T14:52:00Z,2026-09-06T14:52:00Z
PATH-USR-015-05,PATH-USR-015,5,ADVANCED,CATALOGUE_GAP,COMP-009,,GAP-USR-015-TARGET-COMP-009,BLOCKED,No verified course for Statistical Analysis; obtain approved material,DERIVED,DERIVED,SRC-PROJECT,2026-09-06T14:52:00Z,2026-09-06T14:52:00Z
PATH-USR-015-06,PATH-USR-015,6,ADVANCED,CATALOGUE_GAP,COMP-011,,GAP-USR-015-TARGET-COMP-011,BLOCKED,No verified course for Statistical Computing; obtain approved material,DERIVED,DERIVED,SRC-PROJECT,2026-09-06T14:52:00Z,2026-09-06T14:52:00Z
PATH-USR-015-07,PATH-USR-015,7,ADVANCED,CATALOGUE_GAP,COMP-014,,GAP-USR-015-TARGET-COMP-014,BLOCKED,No verified course for Data Privacy and Disclosure Control; obtain approved material,DERIVED,DERIVED,SRC-PROJECT,2026-09-06T14:52:00Z,2026-09-06T14:52:00Z
PATH-USR-015-08,PATH-USR-015,8,ADVANCED,CATALOGUE_GAP,COMP-016,,GAP-USR-015-TARGET-COMP-016,BLOCKED,No verified course for Leadership; obtain approved material,DERIVED,DERIVED,SRC-PROJECT,2026-09-06T14:52:00Z,2026-09-06T14:52:00Z
PATH-USR-015-09,PATH-USR-015,9,ADVANCED,CATALOGUE_GAP,COMP-017,,GAP-USR-015-TARGET-COMP-017,BLOCKED,No verified course for Collaboration; obtain approved material,DERIVED,DERIVED,SRC-PROJECT,2026-09-06T14:52:00Z,2026-09-06T14:52:00Z
PATH-USR-015-10,PATH-USR-015,10,ADVANCED,CATALOGUE_GAP,COMP-018,,GAP-USR-015-TARGET-COMP-018,BLOCKED,No verified course for Strategic Thinking; obtain approved material,DERIVED,DERIVED,SRC-PROJECT,2026-09-06T14:52:00Z,2026-09-06T14:52:00Z
PATH-USR-015-11,PATH-USR-015,11,ADVANCED,CATALOGUE_GAP,COMP-027,,GAP-USR-015-TARGET-COMP-027,BLOCKED,No verified course for SQL; obtain approved material,DERIVED,DERIVED,SRC-PROJECT,2026-09-06T14:52:00Z,2026-09-06T14:52:00Z
PATH-USR-015-12,PATH-USR-015,12,PRACTICAL,PLANNED_PRACTICE,COMP-003,,GAP-USR-015-TARGET-COMP-003,PLANNED_NOT_PUBLISHED,Trainer-reviewed practical task required; do not infer mastery from course completion,DERIVED,DERIVED,SRC-PROJECT,2026-09-06T14:52:00Z,2026-09-06T14:52:00Z
PATH-USR-015-13,PATH-USR-015,13,PRACTICAL,PLANNED_PRACTICE,COMP-009,,GAP-USR-015-TARGET-COMP-009,PLANNED_NOT_PUBLISHED,Trainer-reviewed practical task required; do not infer mastery from course completion,DERIVED,DERIVED,SRC-PROJECT,2026-09-06T14:52:00Z,2026-09-06T14:52:00Z
PATH-USR-015-14,PATH-USR-015,14,PRACTICAL,PLANNED_PRACTICE,COMP-011,,GAP-USR-015-TARGET-COMP-011,PLANNED_NOT_PUBLISHED,Trainer-reviewed practical task required; do not infer mastery from course completion,DERIVED,DERIVED,SRC-PROJECT,2026-09-06T14:52:00Z,2026-09-06T14:52:00Z
PATH-USR-015-15,PATH-USR-015,15,PRACTICAL,PLANNED_PRACTICE,COMP-014,,GAP-USR-015-TARGET-COMP-014,PLANNED_NOT_PUBLISHED,Trainer-reviewed practical task required; do not infer mastery from course completion,DERIVED,DERIVED,SRC-PROJECT,2026-09-06T14:52:00Z,2026-09-06T14:52:00Z
PATH-USR-015-16,PATH-USR-015,16,PRACTICAL,PLANNED_PRACTICE,COMP-016,,GAP-USR-015-TARGET-COMP-016,PLANNED_NOT_PUBLISHED,Trainer-reviewed practical task required; do not infer mastery from course completion,DERIVED,DERIVED,SRC-PROJECT,2026-09-06T14:52:00Z,2026-09-06T14:52:00Z
PATH-USR-015-17,PATH-USR-015,17,PRACTICAL,PLANNED_PRACTICE,COMP-017,,GAP-USR-015-TARGET-COMP-017,PLANNED_NOT_PUBLISHED,Trainer-reviewed practical task required; do not infer mastery from course completion,DERIVED,DERIVED,SRC-PROJECT,2026-09-06T14:52:00Z,2026-09-06T14:52:00Z
PATH-USR-015-18,PATH-USR-015,18,PRACTICAL,PLANNED_PRACTICE,COMP-018,,GAP-USR-015-TARGET-COMP-018,PLANNED_NOT_PUBLISHED,Trainer-reviewed practical task required; do not infer mastery from course completion,DERIVED,DERIVED,SRC-PROJECT,2026-09-06T14:52:00Z,2026-09-06T14:52:00Z
PATH-USR-015-19,PATH-USR-015,19,PRACTICAL,PLANNED_PRACTICE,COMP-025,,GAP-USR-015-TARGET-COMP-025,PLANNED_NOT_PUBLISHED,Trainer-reviewed practical task required; do not infer mastery from course completion,DERIVED,DERIVED,SRC-PROJECT,2026-09-06T14:52:00Z,2026-09-06T14:52:00Z
PATH-USR-015-20,PATH-USR-015,20,PRACTICAL,PLANNED_PRACTICE,COMP-027,,GAP-USR-015-TARGET-COMP-027,PLANNED_NOT_PUBLISHED,Trainer-reviewed practical task required; do not infer mastery from course completion,DERIVED,DERIVED,SRC-PROJECT,2026-09-06T14:52:00Z,2026-09-06T14:52:00Z
PATH-USR-015-21,PATH-USR-015,21,PRACTICAL,PLANNED_PRACTICE,COMP-028,,GAP-USR-015-TARGET-COMP-028,PLANNED_NOT_PUBLISHED,Trainer-reviewed practical task required; do not infer mastery from course completion,DERIVED,DERIVED,SRC-PROJECT,2026-09-06T14:52:00Z,2026-09-06T14:52:00Z
PATH-USR-015-22,PATH-USR-015,22,PRACTICAL,PLANNED_PRACTICE,COMP-029,,GAP-USR-015-TARGET-COMP-029,PLANNED_NOT_PUBLISHED,Trainer-reviewed practical task required; do not infer mastery from course completion,DERIVED,DERIVED,SRC-PROJECT,2026-09-06T14:52:00Z,2026-09-06T14:52:00Z
PATH-USR-015-23,PATH-USR-015,23,ASSESSMENT,PLANNED_ASSESSMENT,COMP-003,,GAP-USR-015-TARGET-COMP-003,PLANNED_NOT_PUBLISHED,Collect competency-wise evidence and recalculate,DERIVED,DERIVED,SRC-PROJECT,2026-09-06T14:52:00Z,2026-09-06T14:52:00Z
PATH-USR-015-24,PATH-USR-015,24,ASSESSMENT,PLANNED_ASSESSMENT,COMP-009,,GAP-USR-015-TARGET-COMP-009,PLANNED_NOT_PUBLISHED,Collect competency-wise evidence and recalculate,DERIVED,DERIVED,SRC-PROJECT,2026-09-06T14:52:00Z,2026-09-06T14:52:00Z
PATH-USR-015-25,PATH-USR-015,25,ASSESSMENT,PLANNED_ASSESSMENT,COMP-011,,GAP-USR-015-TARGET-COMP-011,PLANNED_NOT_PUBLISHED,Collect competency-wise evidence and recalculate,DERIVED,DERIVED,SRC-PROJECT,2026-09-06T14:52:00Z,2026-09-06T14:52:00Z
PATH-USR-015-26,PATH-USR-015,26,ASSESSMENT,PLANNED_ASSESSMENT,COMP-014,,GAP-USR-015-TARGET-COMP-014,PLANNED_NOT_PUBLISHED,Collect competency-wise evidence and recalculate,DERIVED,DERIVED,SRC-PROJECT,2026-09-06T14:52:00Z,2026-09-06T14:52:00Z
PATH-USR-015-27,PATH-USR-015,27,ASSESSMENT,PLANNED_ASSESSMENT,COMP-016,,GAP-USR-015-TARGET-COMP-016,PLANNED_NOT_PUBLISHED,Collect competency-wise evidence and recalculate,DERIVED,DERIVED,SRC-PROJECT,2026-09-06T14:52:00Z,2026-09-06T14:52:00Z
PATH-USR-015-28,PATH-USR-015,28,ASSESSMENT,PLANNED_ASSESSMENT,COMP-017,,GAP-USR-015-TARGET-COMP-017,PLANNED_NOT_PUBLISHED,Collect competency-wise evidence and recalculate,DERIVED,DERIVED,SRC-PROJECT,2026-09-06T14:52:00Z,2026-09-06T14:52:00Z
PATH-USR-015-29,PATH-USR-015,29,ASSESSMENT,PLANNED_ASSESSMENT,COMP-018,,GAP-USR-015-TARGET-COMP-018,PLANNED_NOT_PUBLISHED,Collect competency-wise evidence and recalculate,DERIVED,DERIVED,SRC-PROJECT,2026-09-06T14:52:00Z,2026-09-06T14:52:00Z
PATH-USR-015-30,PATH-USR-015,30,ASSESSMENT,PLANNED_ASSESSMENT,COMP-025,,GAP-USR-015-TARGET-COMP-025,PLANNED_NOT_PUBLISHED,Collect competency-wise evidence and recalculate,DERIVED,DERIVED,SRC-PROJECT,2026-09-06T14:52:00Z,2026-09-06T14:52:00Z
PATH-USR-015-31,PATH-USR-015,31,ASSESSMENT,PLANNED_ASSESSMENT,COMP-027,,GAP-USR-015-TARGET-COMP-027,PLANNED_NOT_PUBLISHED,Collect competency-wise evidence and recalculate,DERIVED,DERIVED,SRC-PROJECT,2026-09-06T14:52:00Z,2026-09-06T14:52:00Z
PATH-USR-015-32,PATH-USR-015,32,ASSESSMENT,PLANNED_ASSESSMENT,COMP-028,,GAP-USR-015-TARGET-COMP-028,PLANNED_NOT_PUBLISHED,Collect competency-wise evidence and recalculate,DERIVED,DERIVED,SRC-PROJECT,2026-09-06T14:52:00Z,2026-09-06T14:52:00Z
PATH-USR-015-33,PATH-USR-015,33,ASSESSMENT,PLANNED_ASSESSMENT,COMP-029,,GAP-USR-015-TARGET-COMP-029,PLANNED_NOT_PUBLISHED,Collect competency-wise evidence and recalculate,DERIVED,DERIVED,SRC-PROJECT,2026-09-06T14:52:00Z,2026-09-06T14:52:00Z
PATH-USR-016-01,PATH-USR-016,1,FOUNDATION,CATALOGUE_GAP,COMP-026,,GAP-USR-016-TARGET-COMP-026,BLOCKED,No verified course for R; obtain approved material,DERIVED,DERIVED,SRC-PROJECT,2026-09-06T14:52:00Z,2026-09-06T14:52:00Z
PATH-USR-016-02,PATH-USR-016,2,FOUNDATION,CATALOGUE_GAP,COMP-029,,GAP-USR-016-TARGET-COMP-029,BLOCKED,No verified course for AI/ML; obtain approved material,DERIVED,DERIVED,SRC-PROJECT,2026-09-06T14:52:00Z,2026-09-06T14:52:00Z
PATH-USR-016-03,PATH-USR-016,3,ADVANCED,CATALOGUE_GAP,COMP-003,,GAP-USR-016-TARGET-COMP-003,BLOCKED,No verified course for Critical Thinking; obtain approved material,DERIVED,DERIVED,SRC-PROJECT,2026-09-06T14:52:00Z,2026-09-06T14:52:00Z
PATH-USR-016-04,PATH-USR-016,4,ADVANCED,CATALOGUE_GAP,COMP-009,,GAP-USR-016-TARGET-COMP-009,BLOCKED,No verified course for Statistical Analysis; obtain approved material,DERIVED,DERIVED,SRC-PROJECT,2026-09-06T14:52:00Z,2026-09-06T14:52:00Z
PATH-USR-016-05,PATH-USR-016,5,ADVANCED,CATALOGUE_GAP,COMP-011,,GAP-USR-016-TARGET-COMP-011,BLOCKED,No verified course for Statistical Computing; obtain approved material,DERIVED,DERIVED,SRC-PROJECT,2026-09-06T14:52:00Z,2026-09-06T14:52:00Z
PATH-USR-016-06,PATH-USR-016,6,ADVANCED,CATALOGUE_GAP,COMP-014,,GAP-USR-016-TARGET-COMP-014,BLOCKED,No verified course for Data Privacy and Disclosure Control; obtain approved material,DERIVED,DERIVED,SRC-PROJECT,2026-09-06T14:52:00Z,2026-09-06T14:52:00Z
PATH-USR-016-07,PATH-USR-016,7,ADVANCED,CATALOGUE_GAP,COMP-016,,GAP-USR-016-TARGET-COMP-016,BLOCKED,No verified course for Leadership; obtain approved material,DERIVED,DERIVED,SRC-PROJECT,2026-09-06T14:52:00Z,2026-09-06T14:52:00Z
PATH-USR-016-08,PATH-USR-016,8,ADVANCED,CATALOGUE_GAP,COMP-017,,GAP-USR-016-TARGET-COMP-017,BLOCKED,No verified course for Collaboration; obtain approved material,DERIVED,DERIVED,SRC-PROJECT,2026-09-06T14:52:00Z,2026-09-06T14:52:00Z
PATH-USR-016-09,PATH-USR-016,9,ADVANCED,CATALOGUE_GAP,COMP-018,,GAP-USR-016-TARGET-COMP-018,BLOCKED,No verified course for Strategic Thinking; obtain approved material,DERIVED,DERIVED,SRC-PROJECT,2026-09-06T14:52:00Z,2026-09-06T14:52:00Z
PATH-USR-016-10,PATH-USR-016,10,ADVANCED,CATALOGUE_GAP,COMP-025,,GAP-USR-016-TARGET-COMP-025,BLOCKED,No verified course for Python; obtain approved material,DERIVED,DERIVED,SRC-PROJECT,2026-09-06T14:52:00Z,2026-09-06T14:52:00Z
PATH-USR-016-11,PATH-USR-016,11,ADVANCED,CATALOGUE_GAP,COMP-028,,GAP-USR-016-TARGET-COMP-028,BLOCKED,No verified course for Data Visualization; obtain approved material,DERIVED,DERIVED,SRC-PROJECT,2026-09-06T14:52:00Z,2026-09-06T14:52:00Z
PATH-USR-016-12,PATH-USR-016,12,PRACTICAL,PLANNED_PRACTICE,COMP-003,,GAP-USR-016-TARGET-COMP-003,PLANNED_NOT_PUBLISHED,Trainer-reviewed practical task required; do not infer mastery from course completion,DERIVED,DERIVED,SRC-PROJECT,2026-09-06T14:52:00Z,2026-09-06T14:52:00Z
PATH-USR-016-13,PATH-USR-016,13,PRACTICAL,PLANNED_PRACTICE,COMP-009,,GAP-USR-016-TARGET-COMP-009,PLANNED_NOT_PUBLISHED,Trainer-reviewed practical task required; do not infer mastery from course completion,DERIVED,DERIVED,SRC-PROJECT,2026-09-06T14:52:00Z,2026-09-06T14:52:00Z
PATH-USR-016-14,PATH-USR-016,14,PRACTICAL,PLANNED_PRACTICE,COMP-011,,GAP-USR-016-TARGET-COMP-011,PLANNED_NOT_PUBLISHED,Trainer-reviewed practical task required; do not infer mastery from course completion,DERIVED,DERIVED,SRC-PROJECT,2026-09-06T14:52:00Z,2026-09-06T14:52:00Z
PATH-USR-016-15,PATH-USR-016,15,PRACTICAL,PLANNED_PRACTICE,COMP-014,,GAP-USR-016-TARGET-COMP-014,PLANNED_NOT_PUBLISHED,Trainer-reviewed practical task required; do not infer mastery from course completion,DERIVED,DERIVED,SRC-PROJECT,2026-09-06T14:52:00Z,2026-09-06T14:52:00Z
PATH-USR-016-16,PATH-USR-016,16,PRACTICAL,PLANNED_PRACTICE,COMP-016,,GAP-USR-016-TARGET-COMP-016,PLANNED_NOT_PUBLISHED,Trainer-reviewed practical task required; do not infer mastery from course completion,DERIVED,DERIVED,SRC-PROJECT,2026-09-06T14:52:00Z,2026-09-06T14:52:00Z
PATH-USR-016-17,PATH-USR-016,17,PRACTICAL,PLANNED_PRACTICE,COMP-017,,GAP-USR-016-TARGET-COMP-017,PLANNED_NOT_PUBLISHED,Trainer-reviewed practical task required; do not infer mastery from course completion,DERIVED,DERIVED,SRC-PROJECT,2026-09-06T14:52:00Z,2026-09-06T14:52:00Z
PATH-USR-016-18,PATH-USR-016,18,PRACTICAL,PLANNED_PRACTICE,COMP-018,,GAP-USR-016-TARGET-COMP-018,PLANNED_NOT_PUBLISHED,Trainer-reviewed practical task required; do not infer mastery from course completion,DERIVED,DERIVED,SRC-PROJECT,2026-09-06T14:52:00Z,2026-09-06T14:52:00Z
PATH-USR-016-19,PATH-USR-016,19,PRACTICAL,PLANNED_PRACTICE,COMP-025,,GAP-USR-016-TARGET-COMP-025,PLANNED_NOT_PUBLISHED,Trainer-reviewed practical task required; do not infer mastery from course completion,DERIVED,DERIVED,SRC-PROJECT,2026-09-06T14:52:00Z,2026-09-06T14:52:00Z
PATH-USR-016-20,PATH-USR-016,20,PRACTICAL,PLANNED_PRACTICE,COMP-026,,GAP-USR-016-TARGET-COMP-026,PLANNED_NOT_PUBLISHED,Trainer-reviewed practical task required; do not infer mastery from course completion,DERIVED,DERIVED,SRC-PROJECT,2026-09-06T14:52:00Z,2026-09-06T14:52:00Z
PATH-USR-016-21,PATH-USR-016,21,PRACTICAL,PLANNED_PRACTICE,COMP-028,,GAP-USR-016-TARGET-COMP-028,PLANNED_NOT_PUBLISHED,Trainer-reviewed practical task required; do not infer mastery from course completion,DERIVED,DERIVED,SRC-PROJECT,2026-09-06T14:52:00Z,2026-09-06T14:52:00Z
PATH-USR-016-22,PATH-USR-016,22,PRACTICAL,PLANNED_PRACTICE,COMP-029,,GAP-USR-016-TARGET-COMP-029,PLANNED_NOT_PUBLISHED,Trainer-reviewed practical task required; do not infer mastery from course completion,DERIVED,DERIVED,SRC-PROJECT,2026-09-06T14:52:00Z,2026-09-06T14:52:00Z
PATH-USR-016-23,PATH-USR-016,23,ASSESSMENT,PLANNED_ASSESSMENT,COMP-003,,GAP-USR-016-TARGET-COMP-003,PLANNED_NOT_PUBLISHED,Collect competency-wise evidence and recalculate,DERIVED,DERIVED,SRC-PROJECT,2026-09-06T14:52:00Z,2026-09-06T14:52:00Z
PATH-USR-016-24,PATH-USR-016,24,ASSESSMENT,PLANNED_ASSESSMENT,COMP-009,,GAP-USR-016-TARGET-COMP-009,PLANNED_NOT_PUBLISHED,Collect competency-wise evidence and recalculate,DERIVED,DERIVED,SRC-PROJECT,2026-09-06T14:52:00Z,2026-09-06T14:52:00Z
PATH-USR-016-25,PATH-USR-016,25,ASSESSMENT,PLANNED_ASSESSMENT,COMP-011,,GAP-USR-016-TARGET-COMP-011,PLANNED_NOT_PUBLISHED,Collect competency-wise evidence and recalculate,DERIVED,DERIVED,SRC-PROJECT,2026-09-06T14:52:00Z,2026-09-06T14:52:00Z
PATH-USR-016-26,PATH-USR-016,26,ASSESSMENT,PLANNED_ASSESSMENT,COMP-014,,GAP-USR-016-TARGET-COMP-014,PLANNED_NOT_PUBLISHED,Collect competency-wise evidence and recalculate,DERIVED,DERIVED,SRC-PROJECT,2026-09-06T14:52:00Z,2026-09-06T14:52:00Z
PATH-USR-016-27,PATH-USR-016,27,ASSESSMENT,PLANNED_ASSESSMENT,COMP-016,,GAP-USR-016-TARGET-COMP-016,PLANNED_NOT_PUBLISHED,Collect competency-wise evidence and recalculate,DERIVED,DERIVED,SRC-PROJECT,2026-09-06T14:52:00Z,2026-09-06T14:52:00Z
PATH-USR-016-28,PATH-USR-016,28,ASSESSMENT,PLANNED_ASSESSMENT,COMP-017,,GAP-USR-016-TARGET-COMP-017,PLANNED_NOT_PUBLISHED,Collect competency-wise evidence and recalculate,DERIVED,DERIVED,SRC-PROJECT,2026-09-06T14:52:00Z,2026-09-06T14:52:00Z
PATH-USR-016-29,PATH-USR-016,29,ASSESSMENT,PLANNED_ASSESSMENT,COMP-018,,GAP-USR-016-TARGET-COMP-018,PLANNED_NOT_PUBLISHED,Collect competency-wise evidence and recalculate,DERIVED,DERIVED,SRC-PROJECT,2026-09-06T14:52:00Z,2026-09-06T14:52:00Z
PATH-USR-016-30,PATH-USR-016,30,ASSESSMENT,PLANNED_ASSESSMENT,COMP-025,,GAP-USR-016-TARGET-COMP-025,PLANNED_NOT_PUBLISHED,Collect competency-wise evidence and recalculate,DERIVED,DERIVED,SRC-PROJECT,2026-09-06T14:52:00Z,2026-09-06T14:52:00Z
PATH-USR-016-31,PATH-USR-016,31,ASSESSMENT,PLANNED_ASSESSMENT,COMP-026,,GAP-USR-016-TARGET-COMP-026,PLANNED_NOT_PUBLISHED,Collect competency-wise evidence and recalculate,DERIVED,DERIVED,SRC-PROJECT,2026-09-06T14:52:00Z,2026-09-06T14:52:00Z
PATH-USR-016-32,PATH-USR-016,32,ASSESSMENT,PLANNED_ASSESSMENT,COMP-028,,GAP-USR-016-TARGET-COMP-028,PLANNED_NOT_PUBLISHED,Collect competency-wise evidence and recalculate,DERIVED,DERIVED,SRC-PROJECT,2026-09-06T14:52:00Z,2026-09-06T14:52:00Z
PATH-USR-016-33,PATH-USR-016,33,ASSESSMENT,PLANNED_ASSESSMENT,COMP-029,,GAP-USR-016-TARGET-COMP-029,PLANNED_NOT_PUBLISHED,Collect competency-wise evidence and recalculate,DERIVED,DERIVED,SRC-PROJECT,2026-09-06T14:52:00Z,2026-09-06T14:52:00Z
PATH-USR-017-01,PATH-USR-017,1,FOUNDATION,CATALOGUE_GAP,COMP-027,,GAP-USR-017-TARGET-COMP-027,BLOCKED,No verified course for SQL; obtain approved material,DERIVED,DERIVED,SRC-PROJECT,2026-09-06T14:52:00Z,2026-09-06T14:52:00Z
PATH-USR-017-02,PATH-USR-017,2,FOUNDATION,CATALOGUE_GAP,COMP-028,,GAP-USR-017-TARGET-COMP-028,BLOCKED,No verified course for Data Visualization; obtain approved material,DERIVED,DERIVED,SRC-PROJECT,2026-09-06T14:52:00Z,2026-09-06T14:52:00Z
PATH-USR-017-03,PATH-USR-017,3,ADVANCED,CATALOGUE_GAP,COMP-003,,GAP-USR-017-TARGET-COMP-003,BLOCKED,No verified course for Critical Thinking; obtain approved material,DERIVED,DERIVED,SRC-PROJECT,2026-09-06T14:52:00Z,2026-09-06T14:52:00Z
PATH-USR-017-04,PATH-USR-017,4,ADVANCED,CATALOGUE_GAP,COMP-009,,GAP-USR-017-TARGET-COMP-009,BLOCKED,No verified course for Statistical Analysis; obtain approved material,DERIVED,DERIVED,SRC-PROJECT,2026-09-06T14:52:00Z,2026-09-06T14:52:00Z
PATH-USR-017-05,PATH-USR-017,5,ADVANCED,CATALOGUE_GAP,COMP-011,,GAP-USR-017-TARGET-COMP-011,BLOCKED,No verified course for Statistical Computing; obtain approved material,DERIVED,DERIVED,SRC-PROJECT,2026-09-06T14:52:00Z,2026-09-06T14:52:00Z
PATH-USR-017-06,PATH-USR-017,6,ADVANCED,CATALOGUE_GAP,COMP-014,,GAP-USR-017-TARGET-COMP-014,BLOCKED,No verified course for Data Privacy and Disclosure Control; obtain approved material,DERIVED,DERIVED,SRC-PROJECT,2026-09-06T14:52:00Z,2026-09-06T14:52:00Z
PATH-USR-017-07,PATH-USR-017,7,ADVANCED,CATALOGUE_GAP,COMP-016,,GAP-USR-017-TARGET-COMP-016,BLOCKED,No verified course for Leadership; obtain approved material,DERIVED,DERIVED,SRC-PROJECT,2026-09-06T14:52:00Z,2026-09-06T14:52:00Z
PATH-USR-017-08,PATH-USR-017,8,ADVANCED,CATALOGUE_GAP,COMP-017,,GAP-USR-017-TARGET-COMP-017,BLOCKED,No verified course for Collaboration; obtain approved material,DERIVED,DERIVED,SRC-PROJECT,2026-09-06T14:52:00Z,2026-09-06T14:52:00Z
PATH-USR-017-09,PATH-USR-017,9,ADVANCED,CATALOGUE_GAP,COMP-018,,GAP-USR-017-TARGET-COMP-018,BLOCKED,No verified course for Strategic Thinking; obtain approved material,DERIVED,DERIVED,SRC-PROJECT,2026-09-06T14:52:00Z,2026-09-06T14:52:00Z
PATH-USR-017-10,PATH-USR-017,10,ADVANCED,CATALOGUE_GAP,COMP-025,,GAP-USR-017-TARGET-COMP-025,BLOCKED,No verified course for Python; obtain approved material,DERIVED,DERIVED,SRC-PROJECT,2026-09-06T14:52:00Z,2026-09-06T14:52:00Z
PATH-USR-017-11,PATH-USR-017,11,PRACTICAL,PLANNED_PRACTICE,COMP-003,,GAP-USR-017-TARGET-COMP-003,PLANNED_NOT_PUBLISHED,Trainer-reviewed practical task required; do not infer mastery from course completion,DERIVED,DERIVED,SRC-PROJECT,2026-09-06T14:52:00Z,2026-09-06T14:52:00Z
PATH-USR-017-12,PATH-USR-017,12,PRACTICAL,PLANNED_PRACTICE,COMP-009,,GAP-USR-017-TARGET-COMP-009,PLANNED_NOT_PUBLISHED,Trainer-reviewed practical task required; do not infer mastery from course completion,DERIVED,DERIVED,SRC-PROJECT,2026-09-06T14:52:00Z,2026-09-06T14:52:00Z
PATH-USR-017-13,PATH-USR-017,13,PRACTICAL,PLANNED_PRACTICE,COMP-011,,GAP-USR-017-TARGET-COMP-011,PLANNED_NOT_PUBLISHED,Trainer-reviewed practical task required; do not infer mastery from course completion,DERIVED,DERIVED,SRC-PROJECT,2026-09-06T14:52:00Z,2026-09-06T14:52:00Z
PATH-USR-017-14,PATH-USR-017,14,PRACTICAL,PLANNED_PRACTICE,COMP-014,,GAP-USR-017-TARGET-COMP-014,PLANNED_NOT_PUBLISHED,Trainer-reviewed practical task required; do not infer mastery from course completion,DERIVED,DERIVED,SRC-PROJECT,2026-09-06T14:52:00Z,2026-09-06T14:52:00Z
PATH-USR-017-15,PATH-USR-017,15,PRACTICAL,PLANNED_PRACTICE,COMP-016,,GAP-USR-017-TARGET-COMP-016,PLANNED_NOT_PUBLISHED,Trainer-reviewed practical task required; do not infer mastery from course completion,DERIVED,DERIVED,SRC-PROJECT,2026-09-06T14:52:00Z,2026-09-06T14:52:00Z
PATH-USR-017-16,PATH-USR-017,16,PRACTICAL,PLANNED_PRACTICE,COMP-017,,GAP-USR-017-TARGET-COMP-017,PLANNED_NOT_PUBLISHED,Trainer-reviewed practical task required; do not infer mastery from course completion,DERIVED,DERIVED,SRC-PROJECT,2026-09-06T14:52:00Z,2026-09-06T14:52:00Z
PATH-USR-017-17,PATH-USR-017,17,PRACTICAL,PLANNED_PRACTICE,COMP-018,,GAP-USR-017-TARGET-COMP-018,PLANNED_NOT_PUBLISHED,Trainer-reviewed practical task required; do not infer mastery from course completion,DERIVED,DERIVED,SRC-PROJECT,2026-09-06T14:52:00Z,2026-09-06T14:52:00Z
PATH-USR-017-18,PATH-USR-017,18,PRACTICAL,PLANNED_PRACTICE,COMP-025,,GAP-USR-017-TARGET-COMP-025,PLANNED_NOT_PUBLISHED,Trainer-reviewed practical task required; do not infer mastery from course completion,DERIVED,DERIVED,SRC-PROJECT,2026-09-06T14:52:00Z,2026-09-06T14:52:00Z
PATH-USR-017-19,PATH-USR-017,19,PRACTICAL,PLANNED_PRACTICE,COMP-027,,GAP-USR-017-TARGET-COMP-027,PLANNED_NOT_PUBLISHED,Trainer-reviewed practical task required; do not infer mastery from course completion,DERIVED,DERIVED,SRC-PROJECT,2026-09-06T14:52:00Z,2026-09-06T14:52:00Z
PATH-USR-017-20,PATH-USR-017,20,PRACTICAL,PLANNED_PRACTICE,COMP-028,,GAP-USR-017-TARGET-COMP-028,PLANNED_NOT_PUBLISHED,Trainer-reviewed practical task required; do not infer mastery from course completion,DERIVED,DERIVED,SRC-PROJECT,2026-09-06T14:52:00Z,2026-09-06T14:52:00Z
PATH-USR-017-21,PATH-USR-017,21,ASSESSMENT,PLANNED_ASSESSMENT,COMP-003,,GAP-USR-017-TARGET-COMP-003,PLANNED_NOT_PUBLISHED,Collect competency-wise evidence and recalculate,DERIVED,DERIVED,SRC-PROJECT,2026-09-06T14:52:00Z,2026-09-06T14:52:00Z
PATH-USR-017-22,PATH-USR-017,22,ASSESSMENT,PLANNED_ASSESSMENT,COMP-009,,GAP-USR-017-TARGET-COMP-009,PLANNED_NOT_PUBLISHED,Collect competency-wise evidence and recalculate,DERIVED,DERIVED,SRC-PROJECT,2026-09-06T14:52:00Z,2026-09-06T14:52:00Z
PATH-USR-017-23,PATH-USR-017,23,ASSESSMENT,PLANNED_ASSESSMENT,COMP-011,,GAP-USR-017-TARGET-COMP-011,PLANNED_NOT_PUBLISHED,Collect competency-wise evidence and recalculate,DERIVED,DERIVED,SRC-PROJECT,2026-09-06T14:52:00Z,2026-09-06T14:52:00Z
PATH-USR-017-24,PATH-USR-017,24,ASSESSMENT,PLANNED_ASSESSMENT,COMP-014,,GAP-USR-017-TARGET-COMP-014,PLANNED_NOT_PUBLISHED,Collect competency-wise evidence and recalculate,DERIVED,DERIVED,SRC-PROJECT,2026-09-06T14:52:00Z,2026-09-06T14:52:00Z
PATH-USR-017-25,PATH-USR-017,25,ASSESSMENT,PLANNED_ASSESSMENT,COMP-016,,GAP-USR-017-TARGET-COMP-016,PLANNED_NOT_PUBLISHED,Collect competency-wise evidence and recalculate,DERIVED,DERIVED,SRC-PROJECT,2026-09-06T14:52:00Z,2026-09-06T14:52:00Z
PATH-USR-017-26,PATH-USR-017,26,ASSESSMENT,PLANNED_ASSESSMENT,COMP-017,,GAP-USR-017-TARGET-COMP-017,PLANNED_NOT_PUBLISHED,Collect competency-wise evidence and recalculate,DERIVED,DERIVED,SRC-PROJECT,2026-09-06T14:52:00Z,2026-09-06T14:52:00Z
PATH-USR-017-27,PATH-USR-017,27,ASSESSMENT,PLANNED_ASSESSMENT,COMP-018,,GAP-USR-017-TARGET-COMP-018,PLANNED_NOT_PUBLISHED,Collect competency-wise evidence and recalculate,DERIVED,DERIVED,SRC-PROJECT,2026-09-06T14:52:00Z,2026-09-06T14:52:00Z
PATH-USR-017-28,PATH-USR-017,28,ASSESSMENT,PLANNED_ASSESSMENT,COMP-025,,GAP-USR-017-TARGET-COMP-025,PLANNED_NOT_PUBLISHED,Collect competency-wise evidence and recalculate,DERIVED,DERIVED,SRC-PROJECT,2026-09-06T14:52:00Z,2026-09-06T14:52:00Z
PATH-USR-017-29,PATH-USR-017,29,ASSESSMENT,PLANNED_ASSESSMENT,COMP-027,,GAP-USR-017-TARGET-COMP-027,PLANNED_NOT_PUBLISHED,Collect competency-wise evidence and recalculate,DERIVED,DERIVED,SRC-PROJECT,2026-09-06T14:52:00Z,2026-09-06T14:52:00Z
PATH-USR-017-30,PATH-USR-017,30,ASSESSMENT,PLANNED_ASSESSMENT,COMP-028,,GAP-USR-017-TARGET-COMP-028,PLANNED_NOT_PUBLISHED,Collect competency-wise evidence and recalculate,DERIVED,DERIVED,SRC-PROJECT,2026-09-06T14:52:00Z,2026-09-06T14:52:00Z
PATH-USR-018-01,PATH-USR-018,1,FOUNDATION,CATALOGUE_GAP,COMP-006,,GAP-USR-018-TARGET-COMP-006,BLOCKED,No verified course for Sampling Frames and UFS; obtain approved material,DERIVED,DERIVED,SRC-PROJECT,2026-09-06T14:52:00Z,2026-09-06T14:52:00Z
PATH-USR-018-02,PATH-USR-018,2,FOUNDATION,CATALOGUE_GAP,COMP-011,,GAP-USR-018-TARGET-COMP-011,BLOCKED,No verified course for Statistical Computing; obtain approved material,DERIVED,DERIVED,SRC-PROJECT,2026-09-06T14:52:00Z,2026-09-06T14:52:00Z
PATH-USR-018-03,PATH-USR-018,3,FOUNDATION,CATALOGUE_GAP,COMP-023,,GAP-USR-018-TARGET-COMP-023,BLOCKED,No verified course for Survey Design; obtain approved material,DERIVED,DERIVED,SRC-PROJECT,2026-09-06T14:52:00Z,2026-09-06T14:52:00Z
PATH-USR-018-04,PATH-USR-018,4,FOUNDATION,CATALOGUE_GAP,COMP-024,,GAP-USR-018-TARGET-COMP-024,BLOCKED,No verified course for Metadata Standards; obtain approved material,DERIVED,DERIVED,SRC-PROJECT,2026-09-06T14:52:00Z,2026-09-06T14:52:00Z
PATH-USR-018-05,PATH-USR-018,5,ADVANCED,CATALOGUE_GAP,COMP-003,,GAP-USR-018-TARGET-COMP-003,BLOCKED,No verified course for Critical Thinking; obtain approved material,DERIVED,DERIVED,SRC-PROJECT,2026-09-06T14:52:00Z,2026-09-06T14:52:00Z
PATH-USR-018-06,PATH-USR-018,6,ADVANCED,CATALOGUE_GAP,COMP-009,,GAP-USR-018-TARGET-COMP-009,BLOCKED,No verified course for Statistical Analysis; obtain approved material,DERIVED,DERIVED,SRC-PROJECT,2026-09-06T14:52:00Z,2026-09-06T14:52:00Z
PATH-USR-018-07,PATH-USR-018,7,ADVANCED,CATALOGUE_GAP,COMP-014,,GAP-USR-018-TARGET-COMP-014,BLOCKED,No verified course for Data Privacy and Disclosure Control; obtain approved material,DERIVED,DERIVED,SRC-PROJECT,2026-09-06T14:52:00Z,2026-09-06T14:52:00Z
PATH-USR-018-08,PATH-USR-018,8,ADVANCED,CATALOGUE_GAP,COMP-016,,GAP-USR-018-TARGET-COMP-016,BLOCKED,No verified course for Leadership; obtain approved material,DERIVED,DERIVED,SRC-PROJECT,2026-09-06T14:52:00Z,2026-09-06T14:52:00Z
PATH-USR-018-09,PATH-USR-018,9,ADVANCED,CATALOGUE_GAP,COMP-017,,GAP-USR-018-TARGET-COMP-017,BLOCKED,No verified course for Collaboration; obtain approved material,DERIVED,DERIVED,SRC-PROJECT,2026-09-06T14:52:00Z,2026-09-06T14:52:00Z
PATH-USR-018-10,PATH-USR-018,10,ADVANCED,CATALOGUE_GAP,COMP-018,,GAP-USR-018-TARGET-COMP-018,BLOCKED,No verified course for Strategic Thinking; obtain approved material,DERIVED,DERIVED,SRC-PROJECT,2026-09-06T14:52:00Z,2026-09-06T14:52:00Z
PATH-USR-018-11,PATH-USR-018,11,ADVANCED,CATALOGUE_GAP,COMP-SAMPLING,,GAP-USR-018-TARGET-COMP-SAMPLING,BLOCKED,No verified course for Sampling Methodology; obtain approved material,DERIVED,DERIVED,SRC-PROJECT,2026-09-06T14:52:00Z,2026-09-06T14:52:00Z
PATH-USR-018-12,PATH-USR-018,12,PRACTICAL,PLANNED_PRACTICE,COMP-003,,GAP-USR-018-TARGET-COMP-003,PLANNED_NOT_PUBLISHED,Trainer-reviewed practical task required; do not infer mastery from course completion,DERIVED,DERIVED,SRC-PROJECT,2026-09-06T14:52:00Z,2026-09-06T14:52:00Z
PATH-USR-018-13,PATH-USR-018,13,PRACTICAL,PLANNED_PRACTICE,COMP-006,,GAP-USR-018-TARGET-COMP-006,PLANNED_NOT_PUBLISHED,Trainer-reviewed practical task required; do not infer mastery from course completion,DERIVED,DERIVED,SRC-PROJECT,2026-09-06T14:52:00Z,2026-09-06T14:52:00Z
PATH-USR-018-14,PATH-USR-018,14,PRACTICAL,PLANNED_PRACTICE,COMP-009,,GAP-USR-018-TARGET-COMP-009,PLANNED_NOT_PUBLISHED,Trainer-reviewed practical task required; do not infer mastery from course completion,DERIVED,DERIVED,SRC-PROJECT,2026-09-06T14:52:00Z,2026-09-06T14:52:00Z
PATH-USR-018-15,PATH-USR-018,15,PRACTICAL,PLANNED_PRACTICE,COMP-011,,GAP-USR-018-TARGET-COMP-011,PLANNED_NOT_PUBLISHED,Trainer-reviewed practical task required; do not infer mastery from course completion,DERIVED,DERIVED,SRC-PROJECT,2026-09-06T14:52:00Z,2026-09-06T14:52:00Z
PATH-USR-018-16,PATH-USR-018,16,PRACTICAL,PLANNED_PRACTICE,COMP-014,,GAP-USR-018-TARGET-COMP-014,PLANNED_NOT_PUBLISHED,Trainer-reviewed practical task required; do not infer mastery from course completion,DERIVED,DERIVED,SRC-PROJECT,2026-09-06T14:52:00Z,2026-09-06T14:52:00Z
PATH-USR-018-17,PATH-USR-018,17,PRACTICAL,PLANNED_PRACTICE,COMP-016,,GAP-USR-018-TARGET-COMP-016,PLANNED_NOT_PUBLISHED,Trainer-reviewed practical task required; do not infer mastery from course completion,DERIVED,DERIVED,SRC-PROJECT,2026-09-06T14:52:00Z,2026-09-06T14:52:00Z
PATH-USR-018-18,PATH-USR-018,18,PRACTICAL,PLANNED_PRACTICE,COMP-017,,GAP-USR-018-TARGET-COMP-017,PLANNED_NOT_PUBLISHED,Trainer-reviewed practical task required; do not infer mastery from course completion,DERIVED,DERIVED,SRC-PROJECT,2026-09-06T14:52:00Z,2026-09-06T14:52:00Z
PATH-USR-018-19,PATH-USR-018,19,PRACTICAL,PLANNED_PRACTICE,COMP-018,,GAP-USR-018-TARGET-COMP-018,PLANNED_NOT_PUBLISHED,Trainer-reviewed practical task required; do not infer mastery from course completion,DERIVED,DERIVED,SRC-PROJECT,2026-09-06T14:52:00Z,2026-09-06T14:52:00Z
PATH-USR-018-20,PATH-USR-018,20,PRACTICAL,PLANNED_PRACTICE,COMP-023,,GAP-USR-018-TARGET-COMP-023,PLANNED_NOT_PUBLISHED,Trainer-reviewed practical task required; do not infer mastery from course completion,DERIVED,DERIVED,SRC-PROJECT,2026-09-06T14:52:00Z,2026-09-06T14:52:00Z
PATH-USR-018-21,PATH-USR-018,21,PRACTICAL,PLANNED_PRACTICE,COMP-024,,GAP-USR-018-TARGET-COMP-024,PLANNED_NOT_PUBLISHED,Trainer-reviewed practical task required; do not infer mastery from course completion,DERIVED,DERIVED,SRC-PROJECT,2026-09-06T14:52:00Z,2026-09-06T14:52:00Z
PATH-USR-018-22,PATH-USR-018,22,PRACTICAL,PLANNED_PRACTICE,COMP-SAMPLING,,GAP-USR-018-TARGET-COMP-SAMPLING,PLANNED_NOT_PUBLISHED,Trainer-reviewed practical task required; do not infer mastery from course completion,DERIVED,DERIVED,SRC-PROJECT,2026-09-06T14:52:00Z,2026-09-06T14:52:00Z
PATH-USR-018-23,PATH-USR-018,23,ASSESSMENT,PLANNED_ASSESSMENT,COMP-003,,GAP-USR-018-TARGET-COMP-003,PLANNED_NOT_PUBLISHED,Collect competency-wise evidence and recalculate,DERIVED,DERIVED,SRC-PROJECT,2026-09-06T14:52:00Z,2026-09-06T14:52:00Z
PATH-USR-018-24,PATH-USR-018,24,ASSESSMENT,PLANNED_ASSESSMENT,COMP-006,,GAP-USR-018-TARGET-COMP-006,PLANNED_NOT_PUBLISHED,Collect competency-wise evidence and recalculate,DERIVED,DERIVED,SRC-PROJECT,2026-09-06T14:52:00Z,2026-09-06T14:52:00Z
PATH-USR-018-25,PATH-USR-018,25,ASSESSMENT,PLANNED_ASSESSMENT,COMP-009,,GAP-USR-018-TARGET-COMP-009,PLANNED_NOT_PUBLISHED,Collect competency-wise evidence and recalculate,DERIVED,DERIVED,SRC-PROJECT,2026-09-06T14:52:00Z,2026-09-06T14:52:00Z
PATH-USR-018-26,PATH-USR-018,26,ASSESSMENT,PLANNED_ASSESSMENT,COMP-011,,GAP-USR-018-TARGET-COMP-011,PLANNED_NOT_PUBLISHED,Collect competency-wise evidence and recalculate,DERIVED,DERIVED,SRC-PROJECT,2026-09-06T14:52:00Z,2026-09-06T14:52:00Z
PATH-USR-018-27,PATH-USR-018,27,ASSESSMENT,PLANNED_ASSESSMENT,COMP-014,,GAP-USR-018-TARGET-COMP-014,PLANNED_NOT_PUBLISHED,Collect competency-wise evidence and recalculate,DERIVED,DERIVED,SRC-PROJECT,2026-09-06T14:52:00Z,2026-09-06T14:52:00Z
PATH-USR-018-28,PATH-USR-018,28,ASSESSMENT,PLANNED_ASSESSMENT,COMP-016,,GAP-USR-018-TARGET-COMP-016,PLANNED_NOT_PUBLISHED,Collect competency-wise evidence and recalculate,DERIVED,DERIVED,SRC-PROJECT,2026-09-06T14:52:00Z,2026-09-06T14:52:00Z
PATH-USR-018-29,PATH-USR-018,29,ASSESSMENT,PLANNED_ASSESSMENT,COMP-017,,GAP-USR-018-TARGET-COMP-017,PLANNED_NOT_PUBLISHED,Collect competency-wise evidence and recalculate,DERIVED,DERIVED,SRC-PROJECT,2026-09-06T14:52:00Z,2026-09-06T14:52:00Z
PATH-USR-018-30,PATH-USR-018,30,ASSESSMENT,PLANNED_ASSESSMENT,COMP-018,,GAP-USR-018-TARGET-COMP-018,PLANNED_NOT_PUBLISHED,Collect competency-wise evidence and recalculate,DERIVED,DERIVED,SRC-PROJECT,2026-09-06T14:52:00Z,2026-09-06T14:52:00Z
PATH-USR-018-31,PATH-USR-018,31,ASSESSMENT,PLANNED_ASSESSMENT,COMP-023,,GAP-USR-018-TARGET-COMP-023,PLANNED_NOT_PUBLISHED,Collect competency-wise evidence and recalculate,DERIVED,DERIVED,SRC-PROJECT,2026-09-06T14:52:00Z,2026-09-06T14:52:00Z
PATH-USR-018-32,PATH-USR-018,32,ASSESSMENT,PLANNED_ASSESSMENT,COMP-024,,GAP-USR-018-TARGET-COMP-024,PLANNED_NOT_PUBLISHED,Collect competency-wise evidence and recalculate,DERIVED,DERIVED,SRC-PROJECT,2026-09-06T14:52:00Z,2026-09-06T14:52:00Z
PATH-USR-018-33,PATH-USR-018,33,ASSESSMENT,PLANNED_ASSESSMENT,COMP-SAMPLING,,GAP-USR-018-TARGET-COMP-SAMPLING,PLANNED_NOT_PUBLISHED,Collect competency-wise evidence and recalculate,DERIVED,DERIVED,SRC-PROJECT,2026-09-06T14:52:00Z,2026-09-06T14:52:00Z
PATH-USR-019-01,PATH-USR-019,1,FOUNDATION,CATALOGUE_GAP,COMP-024,,GAP-USR-019-TARGET-COMP-024,BLOCKED,No verified course for Metadata Standards; obtain approved material,DERIVED,DERIVED,SRC-PROJECT,2026-09-06T14:52:00Z,2026-09-06T14:52:00Z
PATH-USR-019-02,PATH-USR-019,2,FOUNDATION,CATALOGUE_GAP,COMP-025,,GAP-USR-019-TARGET-COMP-025,BLOCKED,No verified course for Python; obtain approved material,DERIVED,DERIVED,SRC-PROJECT,2026-09-06T14:52:00Z,2026-09-06T14:52:00Z
PATH-USR-019-03,PATH-USR-019,3,FOUNDATION,CATALOGUE_GAP,COMP-027,,GAP-USR-019-TARGET-COMP-027,BLOCKED,No verified course for SQL; obtain approved material,DERIVED,DERIVED,SRC-PROJECT,2026-09-06T14:52:00Z,2026-09-06T14:52:00Z
PATH-USR-019-04,PATH-USR-019,4,FOUNDATION,CATALOGUE_GAP,COMP-030,,GAP-USR-019-TARGET-COMP-030,BLOCKED,No verified course for Cloud Computing; obtain approved material,DERIVED,DERIVED,SRC-PROJECT,2026-09-06T14:52:00Z,2026-09-06T14:52:00Z
PATH-USR-019-05,PATH-USR-019,5,FOUNDATION,CATALOGUE_GAP,COMP-031,,GAP-USR-019-TARGET-COMP-031,BLOCKED,No verified course for APIs; obtain approved material,DERIVED,DERIVED,SRC-PROJECT,2026-09-06T14:52:00Z,2026-09-06T14:52:00Z
PATH-USR-019-06,PATH-USR-019,6,FOUNDATION,CATALOGUE_GAP,COMP-032,,GAP-USR-019-TARGET-COMP-032,BLOCKED,No verified course for Cybersecurity; obtain approved material,DERIVED,DERIVED,SRC-PROJECT,2026-09-06T14:52:00Z,2026-09-06T14:52:00Z
PATH-USR-019-07,PATH-USR-019,7,INTERMEDIATE,IGOT_COURSE,COMP-013,CRS-002,GAP-USR-019-TARGET-COMP-013,IN_PROGRESS,Resume on iGOT,DERIVED,DERIVED,SRC-PROJECT,2026-09-06T14:52:00Z,2026-09-06T14:52:00Z
PATH-USR-019-08,PATH-USR-019,8,ADVANCED,CATALOGUE_GAP,COMP-003,,GAP-USR-019-TARGET-COMP-003,BLOCKED,No verified course for Critical Thinking; obtain approved material,DERIVED,DERIVED,SRC-PROJECT,2026-09-06T14:52:00Z,2026-09-06T14:52:00Z
PATH-USR-019-09,PATH-USR-019,9,ADVANCED,CATALOGUE_GAP,COMP-009,,GAP-USR-019-TARGET-COMP-009,BLOCKED,No verified course for Statistical Analysis; obtain approved material,DERIVED,DERIVED,SRC-PROJECT,2026-09-06T14:52:00Z,2026-09-06T14:52:00Z
PATH-USR-019-10,PATH-USR-019,10,ADVANCED,CATALOGUE_GAP,COMP-014,,GAP-USR-019-TARGET-COMP-014,BLOCKED,No verified course for Data Privacy and Disclosure Control; obtain approved material,DERIVED,DERIVED,SRC-PROJECT,2026-09-06T14:52:00Z,2026-09-06T14:52:00Z
PATH-USR-019-11,PATH-USR-019,11,ADVANCED,CATALOGUE_GAP,COMP-016,,GAP-USR-019-TARGET-COMP-016,BLOCKED,No verified course for Leadership; obtain approved material,DERIVED,DERIVED,SRC-PROJECT,2026-09-06T14:52:00Z,2026-09-06T14:52:00Z
PATH-USR-019-12,PATH-USR-019,12,ADVANCED,CATALOGUE_GAP,COMP-017,,GAP-USR-019-TARGET-COMP-017,BLOCKED,No verified course for Collaboration; obtain approved material,DERIVED,DERIVED,SRC-PROJECT,2026-09-06T14:52:00Z,2026-09-06T14:52:00Z
PATH-USR-019-13,PATH-USR-019,13,ADVANCED,CATALOGUE_GAP,COMP-018,,GAP-USR-019-TARGET-COMP-018,BLOCKED,No verified course for Strategic Thinking; obtain approved material,DERIVED,DERIVED,SRC-PROJECT,2026-09-06T14:52:00Z,2026-09-06T14:52:00Z
PATH-USR-019-14,PATH-USR-019,14,PRACTICAL,PLANNED_PRACTICE,COMP-003,,GAP-USR-019-TARGET-COMP-003,PLANNED_NOT_PUBLISHED,Trainer-reviewed practical task required; do not infer mastery from course completion,DERIVED,DERIVED,SRC-PROJECT,2026-09-06T14:52:00Z,2026-09-06T14:52:00Z
PATH-USR-019-15,PATH-USR-019,15,PRACTICAL,PLANNED_PRACTICE,COMP-009,,GAP-USR-019-TARGET-COMP-009,PLANNED_NOT_PUBLISHED,Trainer-reviewed practical task required; do not infer mastery from course completion,DERIVED,DERIVED,SRC-PROJECT,2026-09-06T14:52:00Z,2026-09-06T14:52:00Z
PATH-USR-019-16,PATH-USR-019,16,PRACTICAL,PLANNED_PRACTICE,COMP-013,,GAP-USR-019-TARGET-COMP-013,PLANNED_NOT_PUBLISHED,Trainer-reviewed practical task required; do not infer mastery from course completion,DERIVED,DERIVED,SRC-PROJECT,2026-09-06T14:52:00Z,2026-09-06T14:52:00Z
PATH-USR-019-17,PATH-USR-019,17,PRACTICAL,PLANNED_PRACTICE,COMP-014,,GAP-USR-019-TARGET-COMP-014,PLANNED_NOT_PUBLISHED,Trainer-reviewed practical task required; do not infer mastery from course completion,DERIVED,DERIVED,SRC-PROJECT,2026-09-06T14:52:00Z,2026-09-06T14:52:00Z
PATH-USR-019-18,PATH-USR-019,18,PRACTICAL,PLANNED_PRACTICE,COMP-016,,GAP-USR-019-TARGET-COMP-016,PLANNED_NOT_PUBLISHED,Trainer-reviewed practical task required; do not infer mastery from course completion,DERIVED,DERIVED,SRC-PROJECT,2026-09-06T14:52:00Z,2026-09-06T14:52:00Z
PATH-USR-019-19,PATH-USR-019,19,PRACTICAL,PLANNED_PRACTICE,COMP-017,,GAP-USR-019-TARGET-COMP-017,PLANNED_NOT_PUBLISHED,Trainer-reviewed practical task required; do not infer mastery from course completion,DERIVED,DERIVED,SRC-PROJECT,2026-09-06T14:52:00Z,2026-09-06T14:52:00Z
PATH-USR-019-20,PATH-USR-019,20,PRACTICAL,PLANNED_PRACTICE,COMP-018,,GAP-USR-019-TARGET-COMP-018,PLANNED_NOT_PUBLISHED,Trainer-reviewed practical task required; do not infer mastery from course completion,DERIVED,DERIVED,SRC-PROJECT,2026-09-06T14:52:00Z,2026-09-06T14:52:00Z
PATH-USR-019-21,PATH-USR-019,21,PRACTICAL,PLANNED_PRACTICE,COMP-024,,GAP-USR-019-TARGET-COMP-024,PLANNED_NOT_PUBLISHED,Trainer-reviewed practical task required; do not infer mastery from course completion,DERIVED,DERIVED,SRC-PROJECT,2026-09-06T14:52:00Z,2026-09-06T14:52:00Z
PATH-USR-019-22,PATH-USR-019,22,PRACTICAL,PLANNED_PRACTICE,COMP-025,,GAP-USR-019-TARGET-COMP-025,PLANNED_NOT_PUBLISHED,Trainer-reviewed practical task required; do not infer mastery from course completion,DERIVED,DERIVED,SRC-PROJECT,2026-09-06T14:52:00Z,2026-09-06T14:52:00Z
PATH-USR-019-23,PATH-USR-019,23,PRACTICAL,PLANNED_PRACTICE,COMP-027,,GAP-USR-019-TARGET-COMP-027,PLANNED_NOT_PUBLISHED,Trainer-reviewed practical task required; do not infer mastery from course completion,DERIVED,DERIVED,SRC-PROJECT,2026-09-06T14:52:00Z,2026-09-06T14:52:00Z
PATH-USR-019-24,PATH-USR-019,24,PRACTICAL,PLANNED_PRACTICE,COMP-030,,GAP-USR-019-TARGET-COMP-030,PLANNED_NOT_PUBLISHED,Trainer-reviewed practical task required; do not infer mastery from course completion,DERIVED,DERIVED,SRC-PROJECT,2026-09-06T14:52:00Z,2026-09-06T14:52:00Z
PATH-USR-019-25,PATH-USR-019,25,PRACTICAL,PLANNED_PRACTICE,COMP-031,,GAP-USR-019-TARGET-COMP-031,PLANNED_NOT_PUBLISHED,Trainer-reviewed practical task required; do not infer mastery from course completion,DERIVED,DERIVED,SRC-PROJECT,2026-09-06T14:52:00Z,2026-09-06T14:52:00Z
PATH-USR-019-26,PATH-USR-019,26,PRACTICAL,PLANNED_PRACTICE,COMP-032,,GAP-USR-019-TARGET-COMP-032,PLANNED_NOT_PUBLISHED,Trainer-reviewed practical task required; do not infer mastery from course completion,DERIVED,DERIVED,SRC-PROJECT,2026-09-06T14:52:00Z,2026-09-06T14:52:00Z
PATH-USR-019-27,PATH-USR-019,27,ASSESSMENT,PLANNED_ASSESSMENT,COMP-003,,GAP-USR-019-TARGET-COMP-003,PLANNED_NOT_PUBLISHED,Collect competency-wise evidence and recalculate,DERIVED,DERIVED,SRC-PROJECT,2026-09-06T14:52:00Z,2026-09-06T14:52:00Z
PATH-USR-019-28,PATH-USR-019,28,ASSESSMENT,PLANNED_ASSESSMENT,COMP-009,,GAP-USR-019-TARGET-COMP-009,PLANNED_NOT_PUBLISHED,Collect competency-wise evidence and recalculate,DERIVED,DERIVED,SRC-PROJECT,2026-09-06T14:52:00Z,2026-09-06T14:52:00Z
PATH-USR-019-29,PATH-USR-019,29,ASSESSMENT,PLANNED_ASSESSMENT,COMP-013,,GAP-USR-019-TARGET-COMP-013,PLANNED_NOT_PUBLISHED,Collect competency-wise evidence and recalculate,DERIVED,DERIVED,SRC-PROJECT,2026-09-06T14:52:00Z,2026-09-06T14:52:00Z
PATH-USR-019-30,PATH-USR-019,30,ASSESSMENT,PLANNED_ASSESSMENT,COMP-014,,GAP-USR-019-TARGET-COMP-014,PLANNED_NOT_PUBLISHED,Collect competency-wise evidence and recalculate,DERIVED,DERIVED,SRC-PROJECT,2026-09-06T14:52:00Z,2026-09-06T14:52:00Z
PATH-USR-019-31,PATH-USR-019,31,ASSESSMENT,PLANNED_ASSESSMENT,COMP-016,,GAP-USR-019-TARGET-COMP-016,PLANNED_NOT_PUBLISHED,Collect competency-wise evidence and recalculate,DERIVED,DERIVED,SRC-PROJECT,2026-09-06T14:52:00Z,2026-09-06T14:52:00Z
PATH-USR-019-32,PATH-USR-019,32,ASSESSMENT,PLANNED_ASSESSMENT,COMP-017,,GAP-USR-019-TARGET-COMP-017,PLANNED_NOT_PUBLISHED,Collect competency-wise evidence and recalculate,DERIVED,DERIVED,SRC-PROJECT,2026-09-06T14:52:00Z,2026-09-06T14:52:00Z
PATH-USR-019-33,PATH-USR-019,33,ASSESSMENT,PLANNED_ASSESSMENT,COMP-018,,GAP-USR-019-TARGET-COMP-018,PLANNED_NOT_PUBLISHED,Collect competency-wise evidence and recalculate,DERIVED,DERIVED,SRC-PROJECT,2026-09-06T14:52:00Z,2026-09-06T14:52:00Z
PATH-USR-019-34,PATH-USR-019,34,ASSESSMENT,PLANNED_ASSESSMENT,COMP-024,,GAP-USR-019-TARGET-COMP-024,PLANNED_NOT_PUBLISHED,Collect competency-wise evidence and recalculate,DERIVED,DERIVED,SRC-PROJECT,2026-09-06T14:52:00Z,2026-09-06T14:52:00Z
PATH-USR-019-35,PATH-USR-019,35,ASSESSMENT,PLANNED_ASSESSMENT,COMP-025,,GAP-USR-019-TARGET-COMP-025,PLANNED_NOT_PUBLISHED,Collect competency-wise evidence and recalculate,DERIVED,DERIVED,SRC-PROJECT,2026-09-06T14:52:00Z,2026-09-06T14:52:00Z
PATH-USR-019-36,PATH-USR-019,36,ASSESSMENT,PLANNED_ASSESSMENT,COMP-027,,GAP-USR-019-TARGET-COMP-027,PLANNED_NOT_PUBLISHED,Collect competency-wise evidence and recalculate,DERIVED,DERIVED,SRC-PROJECT,2026-09-06T14:52:00Z,2026-09-06T14:52:00Z
PATH-USR-019-37,PATH-USR-019,37,ASSESSMENT,PLANNED_ASSESSMENT,COMP-030,,GAP-USR-019-TARGET-COMP-030,PLANNED_NOT_PUBLISHED,Collect competency-wise evidence and recalculate,DERIVED,DERIVED,SRC-PROJECT,2026-09-06T14:52:00Z,2026-09-06T14:52:00Z
PATH-USR-019-38,PATH-USR-019,38,ASSESSMENT,PLANNED_ASSESSMENT,COMP-031,,GAP-USR-019-TARGET-COMP-031,PLANNED_NOT_PUBLISHED,Collect competency-wise evidence and recalculate,DERIVED,DERIVED,SRC-PROJECT,2026-09-06T14:52:00Z,2026-09-06T14:52:00Z
PATH-USR-019-39,PATH-USR-019,39,ASSESSMENT,PLANNED_ASSESSMENT,COMP-032,,GAP-USR-019-TARGET-COMP-032,PLANNED_NOT_PUBLISHED,Collect competency-wise evidence and recalculate,DERIVED,DERIVED,SRC-PROJECT,2026-09-06T14:52:00Z,2026-09-06T14:52:00Z
PATH-USR-020-01,PATH-USR-020,1,FOUNDATION,CATALOGUE_GAP,COMP-030,,GAP-USR-020-TARGET-COMP-030,BLOCKED,No verified course for Cloud Computing; obtain approved material,DERIVED,DERIVED,SRC-PROJECT,2026-09-06T14:52:00Z,2026-09-06T14:52:00Z
PATH-USR-020-02,PATH-USR-020,2,FOUNDATION,CATALOGUE_GAP,COMP-031,,GAP-USR-020-TARGET-COMP-031,BLOCKED,No verified course for APIs; obtain approved material,DERIVED,DERIVED,SRC-PROJECT,2026-09-06T14:52:00Z,2026-09-06T14:52:00Z
PATH-USR-020-03,PATH-USR-020,3,FOUNDATION,CATALOGUE_GAP,COMP-032,,GAP-USR-020-TARGET-COMP-032,BLOCKED,No verified course for Cybersecurity; obtain approved material,DERIVED,DERIVED,SRC-PROJECT,2026-09-06T14:52:00Z,2026-09-06T14:52:00Z
PATH-USR-020-04,PATH-USR-020,4,INTERMEDIATE,IGOT_COURSE,COMP-013,CRS-002,GAP-USR-020-TARGET-COMP-013,IN_PROGRESS,Resume on iGOT,DERIVED,DERIVED,SRC-PROJECT,2026-09-06T14:52:00Z,2026-09-06T14:52:00Z
PATH-USR-020-05,PATH-USR-020,5,ADVANCED,CATALOGUE_GAP,COMP-003,,GAP-USR-020-TARGET-COMP-003,BLOCKED,No verified course for Critical Thinking; obtain approved material,DERIVED,DERIVED,SRC-PROJECT,2026-09-06T14:52:00Z,2026-09-06T14:52:00Z
PATH-USR-020-06,PATH-USR-020,6,ADVANCED,CATALOGUE_GAP,COMP-009,,GAP-USR-020-TARGET-COMP-009,BLOCKED,No verified course for Statistical Analysis; obtain approved material,DERIVED,DERIVED,SRC-PROJECT,2026-09-06T14:52:00Z,2026-09-06T14:52:00Z
PATH-USR-020-07,PATH-USR-020,7,ADVANCED,CATALOGUE_GAP,COMP-014,,GAP-USR-020-TARGET-COMP-014,BLOCKED,No verified course for Data Privacy and Disclosure Control; obtain approved material,DERIVED,DERIVED,SRC-PROJECT,2026-09-06T14:52:00Z,2026-09-06T14:52:00Z
PATH-USR-020-08,PATH-USR-020,8,ADVANCED,CATALOGUE_GAP,COMP-016,,GAP-USR-020-TARGET-COMP-016,BLOCKED,No verified course for Leadership; obtain approved material,DERIVED,DERIVED,SRC-PROJECT,2026-09-06T14:52:00Z,2026-09-06T14:52:00Z
PATH-USR-020-09,PATH-USR-020,9,ADVANCED,CATALOGUE_GAP,COMP-017,,GAP-USR-020-TARGET-COMP-017,BLOCKED,No verified course for Collaboration; obtain approved material,DERIVED,DERIVED,SRC-PROJECT,2026-09-06T14:52:00Z,2026-09-06T14:52:00Z
PATH-USR-020-10,PATH-USR-020,10,ADVANCED,CATALOGUE_GAP,COMP-018,,GAP-USR-020-TARGET-COMP-018,BLOCKED,No verified course for Strategic Thinking; obtain approved material,DERIVED,DERIVED,SRC-PROJECT,2026-09-06T14:52:00Z,2026-09-06T14:52:00Z
PATH-USR-020-11,PATH-USR-020,11,PRACTICAL,PLANNED_PRACTICE,COMP-003,,GAP-USR-020-TARGET-COMP-003,PLANNED_NOT_PUBLISHED,Trainer-reviewed practical task required; do not infer mastery from course completion,DERIVED,DERIVED,SRC-PROJECT,2026-09-06T14:52:00Z,2026-09-06T14:52:00Z
PATH-USR-020-12,PATH-USR-020,12,PRACTICAL,PLANNED_PRACTICE,COMP-009,,GAP-USR-020-TARGET-COMP-009,PLANNED_NOT_PUBLISHED,Trainer-reviewed practical task required; do not infer mastery from course completion,DERIVED,DERIVED,SRC-PROJECT,2026-09-06T14:52:00Z,2026-09-06T14:52:00Z
PATH-USR-020-13,PATH-USR-020,13,PRACTICAL,PLANNED_PRACTICE,COMP-013,,GAP-USR-020-TARGET-COMP-013,PLANNED_NOT_PUBLISHED,Trainer-reviewed practical task required; do not infer mastery from course completion,DERIVED,DERIVED,SRC-PROJECT,2026-09-06T14:52:00Z,2026-09-06T14:52:00Z
PATH-USR-020-14,PATH-USR-020,14,PRACTICAL,PLANNED_PRACTICE,COMP-014,,GAP-USR-020-TARGET-COMP-014,PLANNED_NOT_PUBLISHED,Trainer-reviewed practical task required; do not infer mastery from course completion,DERIVED,DERIVED,SRC-PROJECT,2026-09-06T14:52:00Z,2026-09-06T14:52:00Z
PATH-USR-020-15,PATH-USR-020,15,PRACTICAL,PLANNED_PRACTICE,COMP-016,,GAP-USR-020-TARGET-COMP-016,PLANNED_NOT_PUBLISHED,Trainer-reviewed practical task required; do not infer mastery from course completion,DERIVED,DERIVED,SRC-PROJECT,2026-09-06T14:52:00Z,2026-09-06T14:52:00Z
PATH-USR-020-16,PATH-USR-020,16,PRACTICAL,PLANNED_PRACTICE,COMP-017,,GAP-USR-020-TARGET-COMP-017,PLANNED_NOT_PUBLISHED,Trainer-reviewed practical task required; do not infer mastery from course completion,DERIVED,DERIVED,SRC-PROJECT,2026-09-06T14:52:00Z,2026-09-06T14:52:00Z
PATH-USR-020-17,PATH-USR-020,17,PRACTICAL,PLANNED_PRACTICE,COMP-018,,GAP-USR-020-TARGET-COMP-018,PLANNED_NOT_PUBLISHED,Trainer-reviewed practical task required; do not infer mastery from course completion,DERIVED,DERIVED,SRC-PROJECT,2026-09-06T14:52:00Z,2026-09-06T14:52:00Z
PATH-USR-020-18,PATH-USR-020,18,PRACTICAL,PLANNED_PRACTICE,COMP-030,,GAP-USR-020-TARGET-COMP-030,PLANNED_NOT_PUBLISHED,Trainer-reviewed practical task required; do not infer mastery from course completion,DERIVED,DERIVED,SRC-PROJECT,2026-09-06T14:52:00Z,2026-09-06T14:52:00Z
PATH-USR-020-19,PATH-USR-020,19,PRACTICAL,PLANNED_PRACTICE,COMP-031,,GAP-USR-020-TARGET-COMP-031,PLANNED_NOT_PUBLISHED,Trainer-reviewed practical task required; do not infer mastery from course completion,DERIVED,DERIVED,SRC-PROJECT,2026-09-06T14:52:00Z,2026-09-06T14:52:00Z
PATH-USR-020-20,PATH-USR-020,20,PRACTICAL,PLANNED_PRACTICE,COMP-032,,GAP-USR-020-TARGET-COMP-032,PLANNED_NOT_PUBLISHED,Trainer-reviewed practical task required; do not infer mastery from course completion,DERIVED,DERIVED,SRC-PROJECT,2026-09-06T14:52:00Z,2026-09-06T14:52:00Z
PATH-USR-020-21,PATH-USR-020,21,ASSESSMENT,PLANNED_ASSESSMENT,COMP-003,,GAP-USR-020-TARGET-COMP-003,PLANNED_NOT_PUBLISHED,Collect competency-wise evidence and recalculate,DERIVED,DERIVED,SRC-PROJECT,2026-09-06T14:52:00Z,2026-09-06T14:52:00Z
PATH-USR-020-22,PATH-USR-020,22,ASSESSMENT,PLANNED_ASSESSMENT,COMP-009,,GAP-USR-020-TARGET-COMP-009,PLANNED_NOT_PUBLISHED,Collect competency-wise evidence and recalculate,DERIVED,DERIVED,SRC-PROJECT,2026-09-06T14:52:00Z,2026-09-06T14:52:00Z
PATH-USR-020-23,PATH-USR-020,23,ASSESSMENT,PLANNED_ASSESSMENT,COMP-013,,GAP-USR-020-TARGET-COMP-013,PLANNED_NOT_PUBLISHED,Collect competency-wise evidence and recalculate,DERIVED,DERIVED,SRC-PROJECT,2026-09-06T14:52:00Z,2026-09-06T14:52:00Z
PATH-USR-020-24,PATH-USR-020,24,ASSESSMENT,PLANNED_ASSESSMENT,COMP-014,,GAP-USR-020-TARGET-COMP-014,PLANNED_NOT_PUBLISHED,Collect competency-wise evidence and recalculate,DERIVED,DERIVED,SRC-PROJECT,2026-09-06T14:52:00Z,2026-09-06T14:52:00Z
PATH-USR-020-25,PATH-USR-020,25,ASSESSMENT,PLANNED_ASSESSMENT,COMP-016,,GAP-USR-020-TARGET-COMP-016,PLANNED_NOT_PUBLISHED,Collect competency-wise evidence and recalculate,DERIVED,DERIVED,SRC-PROJECT,2026-09-06T14:52:00Z,2026-09-06T14:52:00Z
PATH-USR-020-26,PATH-USR-020,26,ASSESSMENT,PLANNED_ASSESSMENT,COMP-017,,GAP-USR-020-TARGET-COMP-017,PLANNED_NOT_PUBLISHED,Collect competency-wise evidence and recalculate,DERIVED,DERIVED,SRC-PROJECT,2026-09-06T14:52:00Z,2026-09-06T14:52:00Z
PATH-USR-020-27,PATH-USR-020,27,ASSESSMENT,PLANNED_ASSESSMENT,COMP-018,,GAP-USR-020-TARGET-COMP-018,PLANNED_NOT_PUBLISHED,Collect competency-wise evidence and recalculate,DERIVED,DERIVED,SRC-PROJECT,2026-09-06T14:52:00Z,2026-09-06T14:52:00Z
PATH-USR-020-28,PATH-USR-020,28,ASSESSMENT,PLANNED_ASSESSMENT,COMP-030,,GAP-USR-020-TARGET-COMP-030,PLANNED_NOT_PUBLISHED,Collect competency-wise evidence and recalculate,DERIVED,DERIVED,SRC-PROJECT,2026-09-06T14:52:00Z,2026-09-06T14:52:00Z
PATH-USR-020-29,PATH-USR-020,29,ASSESSMENT,PLANNED_ASSESSMENT,COMP-031,,GAP-USR-020-TARGET-COMP-031,PLANNED_NOT_PUBLISHED,Collect competency-wise evidence and recalculate,DERIVED,DERIVED,SRC-PROJECT,2026-09-06T14:52:00Z,2026-09-06T14:52:00Z
PATH-USR-020-30,PATH-USR-020,30,ASSESSMENT,PLANNED_ASSESSMENT,COMP-032,,GAP-USR-020-TARGET-COMP-032,PLANNED_NOT_PUBLISHED,Collect competency-wise evidence and recalculate,DERIVED,DERIVED,SRC-PROJECT,2026-09-06T14:52:00Z,2026-09-06T14:52:00Z
